Basque,Catalan,Dutch,Filipino,Finnish,French,German,Haitian Creole,Hindi,Indonesian,Italian,Lithuanian,Norwegian,Polish,Portuguese,Romanian,Spanish,Swedish,Turkish,Undefined,Vietnamese
2020-01-21,0,0,0,0,0,0,1,0,0,0,0,0,0,0,0,0,0,0,0,0,0
2020-01-22,0,0,2,0,0,1,0,0,0,0,0,0,0,0,0,0,0,0,0,0,0
2020-01-23,0,0,6,0,0,0,0,0,0,0,1,0,0,0,1,0,0,0,0,0,0
2020-01-24,0,0,2,0,0,1,0,0,0,0,0,0,0,0,2,0,0,0,0,0,0
2020-01-25,0,0,3,0,0,8,1,0,0,0,2,1,0,0,2,0,0,0,0,0,0
2020-01-26,0,0,2,0,0,4,3,0,0,0,1,0,0,0,1,1,0,0,0,0,0
2020-01-27,0,0,0,0,0,11,15,0,0,0,23,1,0,0,17,1,0,0,0,0,0
2020-01-28,0,0,3,0,0,29,14,0,0,0,21,3,0,1,20,0,0,0,0,0,0
2020-01-29,0,0,4,0,0,17,17,0,0,0,15,1,0,1,15,0,0,0,0,0,0
2020-01-30,0,0,1,0,0,21,6,0,0,0,24,0,0,0,9,1,0,0,0,0,0
2020-01-31,0,0,0,0,0,6,11,0,0,0,8,0,0,3,4,0,0,0,0,0,0
2020-02-01,0,0,3,0,0,12,5,0,0,0,4,0,0,2,4,0,0,0,0,0,0
2020-02-02,0,0,1,0,1,10,5,0,0,0,3,0,0,0,3,1,0,0,0,0,0
2020-02-03,0,0,0,0,1,5,7,0,0,0,2,0,0,0,5,0,0,0,0,0,0
2020-02-04,0,0,0,0,0,6,9,0,0,0,2,1,0,4,0,0,0,0,0,0,0
2020-02-05,0,0,5,0,3,2,1,0,0,0,2,8,0,0,1,0,0,0,0,0,0
2020-02-06,0,0,2,0,1,1,3,0,0,0,8,0,0,0,4,1,0,0,0,0,0
2020-02-07,0,0,4,0,0,9,2,0,0,0,5,3,0,0,2,0,0,0,0,0,0
2020-02-08,0,0,1,0,0,4,0,0,0,0,6,2,0,0,1,0,0,0,0,0,0
2020-02-09,0,0,0,0,0,1,2,0,0,0,3,0,0,0,1,0,0,0,0,0,0
2020-02-10,0,0,2,0,0,3,1,0,0,0,6,1,0,1,1,0,0,0,0,0,0
2020-02-11,0,0,0,0,0,5,2,0,0,0,8,1,0,1,14,0,0,0,0,0,0
2020-02-12,0,0,0,0,2,8,6,0,0,0,4,0,0,0,10,1,0,0,0,0,0
2020-02-13,0,0,2,0,1,11,5,0,0,0,13,1,0,2,11,0,0,0,0,0,0
2020-02-14,0,0,3,0,0,7,4,0,0,0,3,1,0,0,2,0,0,0,0,0,0
2020-02-15,0,0,1,0,0,9,1,0,0,0,5,1,0,0,7,0,0,0,0,0,0
2020-02-16,0,0,1,0,0,1,1,0,0,0,3,0,0,0,2,0,0,0,0,0,0
2020-02-17,0,0,1,0,0,1,2,0,0,0,2,0,0,2,3,0,0,0,0,0,0
2020-02-18,0,0,2,0,0,7,0,0,0,0,2,0,0,0,1,0,0,0,0,0,0
2020-02-19,0,0,2,0,0,1,5,0,0,0,5,2,0,1,3,0,0,0,0,0,0
2020-02-20,0,0,0,0,1,3,0,0,0,0,7,3,0,1,4,0,0,0,0,0,0
2020-02-21,0,0,0,0,0,10,1,0,0,0,11,0,0,3,7,0,0,0,0,0,0
2020-02-22,0,0,3,0,0,3,2,0,0,0,11,1,0,1,5,0,0,0,0,0,0
2020-02-23,0,0,4,0,0,1,0,0,0,0,17,2,0,1,0,0,0,0,0,0,0
2020-02-24,0,0,8,0,2,9,3,0,0,0,24,0,0,5,5,2,0,0,0,0,0
2020-02-25,0,0,12,0,2,3,2,0,0,0,9,0,0,1,0,1,0,0,0,0,0
2020-02-26,0,0,17,0,1,17,2,0,0,0,23,4,0,10,7,0,1,0,0,0,0
2020-02-27,0,0,16,0,1,14,10,0,0,0,10,1,0,1,23,0,0,0,0,0,0
2020-02-28,0,0,12,0,2,10,7,0,0,0,12,6,0,30,14,3,1,0,0,0,0
2020-02-29,0,0,7,0,1,5,9,0,0,0,25,2,0,25,11,2,0,0,0,0,0
2020-03-01,0,0,8,0,1,13,5,0,0,0,20,1,0,13,15,0,0,0,0,0,0
2020-03-02,0,0,17,0,0,35,16,0,0,0,10,3,0,29,7,1,0,0,0,0,0
2020-03-03,0,0,9,0,3,24,27,0,0,0,17,4,0,9,8,0,0,0,0,0,0
2020-03-04,0,0,4,0,0,24,24,0,0,0,22,0,0,17,9,2,0,0,0,0,0
2020-03-05,0,0,8,0,2,11,11,0,0,0,38,0,0,17,8,1,0,0,0,0,0
2020-03-06,0,0,6,0,1,14,20,0,0,0,17,4,0,8,4,0,0,0,0,0,0
2020-03-07,0,1,2,0,3,8,12,0,0,0,10,0,0,7,3,0,0,0,0,0,0
2020-03-08,0,0,27,0,0,6,10,0,0,0,21,1,0,2,3,2,1,0,0,0,0
2020-03-09,0,0,7,0,1,32,14,0,0,0,28,1,0,24,5,4,0,0,0,0,0
2020-03-10,0,0,10,0,0,22,20,0,0,0,23,2,0,10,13,3,0,0,0,0,0
2020-03-11,0,0,19,1,2,25,30,0,0,1,29,3,0,15,5,1,0,0,0,0,0
2020-03-12,0,0,12,1,3,35,24,0,0,2,19,0,0,14,14,4,0,0,0,0,0
2020-03-13,0,0,10,0,4,41,18,0,0,0,10,3,0,11,12,0,0,0,0,0,0
2020-03-14,0,0,12,0,3,19,24,0,0,0,16,2,0,16,8,0,0,0,0,0,0
2020-03-15,0,0,10,0,1,18,27,0,0,0,20,1,0,24,15,4,0,0,0,0,0
2020-03-16,0,0,21,1,4,34,35,1,0,0,20,7,0,11,37,1,0,0,0,0,0
2020-03-17,0,0,18,0,3,66,17,0,0,0,19,4,0,13,21,1,0,0,0,0,0
2020-03-18,0,0,40,0,5,100,21,0,0,0,24,3,0,9,16,3,0,0,0,0,0
2020-03-19,0,0,48,0,2,59,23,1,0,0,41,6,0,12,34,3,0,0,0,0,0
2020-03-20,0,0,20,0,2,42,27,0,0,0,39,0,0,7,35,0,1,0,0,0,0
2020-03-21,0,0,15,0,7,46,18,0,0,0,53,1,0,6,8,1,0,0,0,0,0
2020-03-22,0,0,29,0,4,36,48,0,0,0,102,3,0,12,24,1,1,0,0,0,0
2020-03-23,0,0,25,0,3,66,31,0,0,0,120,2,0,17,29,1,0,0,0,0,0
2020-03-24,0,0,49,0,3,33,32,0,0,0,51,2,0,10,22,1,0,0,0,0,0
2020-03-25,0,0,31,0,0,64,24,0,0,0,59,3,0,4,24,1,0,0,0,0,0
2020-03-26,0,0,29,0,1,67,27,0,0,0,52,2,0,6,23,2,0,0,0,0,0
2020-03-27,0,0,55,0,6,46,17,0,0,0,39,2,0,7,32,1,0,0,0,0,0
2020-03-28,0,0,27,0,4,36,21,0,0,0,49,3,0,5,15,1,2,0,0,0,0
2020-03-29,0,0,32,0,28,34,20,0,0,0,47,2,0,7,28,2,0,0,0,0,0
2020-03-30,0,0,38,0,2,34,30,0,0,0,43,1,0,12,15,3,0,0,0,0,0
2020-03-31,0,1,80,0,2,56,29,0,0,0,39,9,0,9,21,3,0,0,0,0,0
2020-04-01,0,0,68,0,6,58,36,0,0,0,29,7,0,4,46,3,2,0,0,0,0
2020-04-02,0,0,47,0,2,64,22,0,0,0,32,5,0,9,30,3,1,0,0,0,0
2020-04-03,0,0,60,1,7,91,40,0,0,0,41,9,0,14,59,4,0,0,0,0,0
2020-04-04,0,0,82,1,6,88,37,1,0,0,109,7,0,31,90,6,5,0,0,0,0
2020-04-05,1,0,131,0,6,153,87,2,0,1,232,13,0,36,100,12,1,0,0,0,0
2020-04-06,0,1,277,0,20,384,155,0,0,1,349,18,0,44,183,26,2,0,0,0,0
2020-04-07,0,0,172,1,20,282,100,0,0,0,317,4,0,38,182,15,2,0,0,0,0
2020-04-08,0,0,95,0,8,152,58,0,0,0,258,6,0,51,115,6,2,0,0,0,0
2020-04-09,0,1,85,0,13,102,46,0,0,0,178,4,0,25,66,0,2,0,0,0,1
2020-04-10,0,0,188,0,8,109,45,0,0,0,147,1,0,17,78,2,1,0,0,0,0
2020-04-11,0,0,375,0,2,127,27,1,0,0,106,2,0,17,113,5,0,1,0,0,0
2020-04-12,0,0,227,0,8,72,44,0,0,0,61,5,0,24,89,8,1,0,0,0,0
2020-04-13,0,0,169,0,21,87,40,0,0,0,67,5,0,18,79,5,1,0,0,0,0
2020-04-14,0,0,241,0,25,100,45,0,0,0,67,6,0,35,46,12,1,1,0,0,0
2020-04-15,0,0,178,0,4,126,76,1,0,0,76,2,0,35,51,1,0,0,0,0,0
2020-04-16,0,1,148,0,9,92,33,0,0,0,59,3,0,34,51,8,1,0,0,0,0
2020-04-17,0,1,81,0,9,142,36,0,0,0,79,1,0,28,63,2,0,0,0,0,0
2020-04-18,0,0,81,0,5,138,78,1,0,0,73,1,0,24,53,1,2,0,0,0,1
2020-04-19,0,1,173,0,2,65,55,0,0,0,94,1,0,19,37,4,0,0,0,0,0
2020-04-20,0,1,183,1,15,105,29,0,0,0,158,1,0,25,40,2,1,0,0,0,0
2020-04-21,0,1,174,0,7,137,56,0,0,0,94,6,0,36,41,10,0,1,0,0,0
2020-04-22,0,0,140,1,1,109,70,0,0,0,68,5,1,11,28,3,1,0,0,0,0
2020-04-23,0,0,146,0,4,155,59,0,0,0,103,4,0,26,39,5,0,0,0,0,0
2020-04-24,0,0,90,0,3,90,53,0,0,0,68,8,0,29,26,5,0,0,0,0,0
2020-04-25,0,1,46,0,3,128,35,0,0,0,50,5,0,20,9,4,0,0,0,0,0
2020-04-26,0,0,43,0,1,61,53,0,0,0,47,3,0,16,17,3,1,0,0,0,0
2020-04-27,0,0,32,0,3,64,41,0,0,0,55,1,0,17,24,6,0,0,0,0,0
2020-04-28,0,0,160,0,10,87,25,0,0,0,98,0,0,26,22,4,1,0,0,0,0
2020-04-29,0,0,73,0,3,61,48,0,0,0,55,0,0,14,34,3,1,0,0,0,0
2020-04-30,0,0,73,0,2,51,41,0,0,0,50,1,0,10,21,2,0,0,0,0,0
2020-05-01,0,0,59,0,1,57,25,0,0,0,88,2,0,13,16,1,0,0,0,0,0
2020-05-02,0,0,39,0,1,31,32,0,0,0,87,2,0,11,9,1,0,0,0,0,0
2020-05-03,0,0,42,0,10,57,27,0,0,0,95,2,0,7,11,2,0,0,0,0,0
2020-05-04,0,0,59,0,1,108,27,0,0,0,84,0,0,7,17,5,0,0,0,0,0
2020-05-05,0,0,77,1,4,123,40,0,0,0,212,0,0,15,19,2,0,0,0,0,0
2020-05-06,0,0,48,0,4,113,36,0,0,0,83,1,0,12,26,1,0,0,0,0,0
2020-05-07,0,0,39,0,0,109,43,0,0,0,111,3,0,5,26,5,0,0,0,0,0
2020-05-08,0,0,41,0,4,80,32,0,0,0,85,1,0,18,34,0,0,0,0,0,0
2020-05-09,0,1,87,0,0,54,104,0,0,0,70,1,0,24,11,0,0,0,0,0,0
2020-05-10,0,0,53,0,1,110,44,0,0,0,73,3,0,17,9,0,0,0,0,0,0
2020-05-11,0,0,45,0,5,81,46,0,0,0,118,3,0,32,16,2,0,0,0,0,0
2020-05-12,0,0,28,0,1,59,49,0,0,0,80,0,0,53,24,1,0,0,0,0,0
2020-05-13,0,0,33,0,0,33,70,0,0,0,69,3,0,14,16,0,0,0,0,0,0
2020-05-14,0,0,54,0,0,55,44,0,0,0,46,1,0,15,23,2,0,0,0,0,0
2020-05-15,0,1,25,1,1,56,40,0,0,0,71,0,0,11,78,3,1,0,0,0,0
2020-05-16,0,0,27,0,1,75,27,0,0,0,43,0,0,14,12,3,0,0,0,0,0
2020-05-17,0,0,30,0,2,52,20,0,0,0,45,2,0,15,10,4,0,0,0,0,0
2020-05-18,0,1,27,0,3,52,24,0,0,0,77,1,0,8,55,4,0,0,0,0,0
2020-05-19,0,0,35,0,0,79,43,0,0,0,41,2,0,11,22,0,0,0,0,0,0
2020-05-20,0,0,33,0,2,36,27,0,0,0,48,3,0,11,13,12,0,0,0,0,0
2020-05-21,0,0,35,0,2,38,27,0,0,0,82,1,0,11,13,5,0,0,0,0,0
2020-05-22,0,1,29,0,0,40,36,0,0,0,38,3,0,15,16,4,0,0,0,0,0
2020-05-23,0,0,29,0,1,123,13,0,0,0,40,1,0,12,12,2,0,0,0,0,0
2020-05-24,0,0,32,0,1,74,17,0,0,0,38,0,0,8,23,1,0,0,0,0,0
2020-05-25,0,0,39,0,1,94,92,0,0,0,30,0,0,9,40,2,0,0,0,0,0
2020-05-26,0,0,39,0,2,41,37,1,0,0,93,0,0,7,20,2,0,0,0,0,0
2020-05-27,0,0,33,0,2,37,41,0,0,0,69,0,0,9,12,0,1,0,0,0,0
2020-05-28,0,0,21,0,2,68,29,0,0,0,71,1,0,4,11,1,0,0,0,0,0
2020-05-29,0,0,27,0,1,46,19,0,0,0,80,0,0,7,15,0,0,0,0,0,0
2020-05-30,0,0,28,0,1,34,27,0,0,0,60,1,0,5,12,0,0,0,0,0,0
2020-05-31,0,0,19,0,1,45,14,0,0,0,58,2,0,7,9,2,0,0,0,0,0
2020-06-01,0,0,26,0,1,31,12,0,0,0,46,1,0,6,16,1,0,0,0,0,0
2020-06-02,0,0,15,0,0,39,16,0,0,0,41,8,0,3,6,0,0,0,0,0,0
2020-06-03,0,0,16,0,0,39,27,0,0,0,58,0,0,4,8,9,0,0,0,0,0
2020-06-04,0,0,16,0,0,17,18,0,0,0,50,0,0,9,4,1,0,0,0,0,0
2020-06-05,0,0,17,0,0,24,26,0,0,0,46,0,0,2,30,3,0,0,0,0,0
2020-06-06,0,1,29,18,18,50,62,0,1,1,147,55,0,49,2648,6,22,0,0,0,0
2020-06-07,0,3,35,20,50,68,318,0,0,2,345,94,0,47,3600,10,32,0,0,0,1
2020-06-08,0,1,16,2,4,31,96,0,0,0,77,23,0,16,414,5,6,0,0,0,0
2020-06-09,0,0,29,0,2,58,33,0,0,0,92,13,0,9,156,2,2,0,0,0,0
2020-06-10,0,0,13,4,4,76,41,0,0,0,61,18,0,10,137,1,1,0,0,0,0
2020-06-11,0,0,30,0,0,45,15,0,0,0,66,13,0,3,77,0,1,0,0,0,0
2020-06-12,0,0,12,0,1,30,13,0,0,0,35,7,0,5,59,1,1,0,0,0,0
2020-06-13,0,0,15,0,1,22,21,1,0,0,39,4,0,1,48,0,2,0,0,0,0
2020-06-14,0,0,16,0,2,32,20,0,0,0,27,2,0,4,30,6,0,0,0,0,0
2020-06-15,0,0,6,0,2,24,34,0,0,0,23,6,0,4,43,1,0,0,0,0,0
2020-06-16,0,0,9,0,1,29,57,0,0,0,38,6,0,2,36,4,0,0,0,0,0
2020-06-17,0,0,9,0,3,19,49,0,0,0,24,2,0,5,31,5,1,0,0,0,0
2020-06-18,0,0,12,0,0,28,27,0,0,0,18,3,0,6,21,1,0,0,0,0,0
2020-06-19,0,0,7,0,0,15,14,0,0,0,15,1,0,5,27,1,2,0,0,0,0
2020-06-20,0,0,10,0,0,30,13,0,0,0,19,0,0,3,22,1,0,0,0,0,0
2020-06-21,0,0,12,0,0,20,8,0,0,0,14,4,0,2,23,0,0,0,0,0,0
2020-06-22,0,0,19,0,0,21,17,0,0,0,17,3,0,5,25,1,1,0,0,0,0
2020-06-23,0,0,13,0,5,17,15,0,0,0,23,2,0,3,37,0,0,0,0,0,0
2020-06-24,0,0,14,0,0,17,14,0,0,0,24,4,0,9,25,2,1,0,0,0,0
2020-06-25,0,0,16,0,1,24,21,0,0,0,24,3,0,11,26,2,1,0,0,0,0
2020-06-26,0,0,13,3,40,20,24,1,0,0,21,23,0,2,114,2,2,0,0,0,0
2020-06-27,0,0,12,0,6,33,21,1,0,0,15,16,0,5,47,0,0,0,0,0,0
2020-06-28,0,0,14,0,4,36,49,0,0,0,9,1,0,2,27,0,0,0,0,0,0
2020-06-29,0,0,14,0,1,45,32,0,0,0,16,2,0,3,18,2,1,0,0,0,0
2020-06-30,0,0,11,0,0,41,18,0,0,0,5,4,0,2,15,1,0,0,0,0,0
2020-07-01,0,0,8,0,2,80,20,1,0,0,9,0,0,2,18,2,0,0,0,0,0
2020-07-02,0,0,12,0,0,40,12,0,0,0,21,0,0,6,12,1,0,0,0,0,0
2020-07-03,0,0,10,0,1,26,12,0,0,0,13,1,0,4,13,1,0,0,0,0,0
2020-07-04,0,0,26,0,4,13,12,0,0,0,13,1,0,2,12,0,0,0,0,0,0
2020-07-05,0,0,9,0,0,43,16,0,0,0,10,0,0,3,14,0,0,0,0,0,0
2020-07-06,0,0,10,0,1,28,28,0,0,0,17,3,0,5,16,1,1,0,0,0,0
2020-07-07,0,0,44,0,5,24,15,0,0,0,33,1,0,3,27,1,1,0,0,0,0
2020-07-08,0,0,10,0,2,24,13,0,0,1,11,1,0,3,13,0,0,0,0,0,0
2020-07-09,0,0,6,0,1,28,22,0,0,0,17,1,0,4,19,1,0,0,0,0,0
2020-07-10,0,0,11,0,1,13,10,0,0,0,15,1,0,1,25,0,0,0,0,0,0
2020-07-11,0,0,12,0,0,11,13,0,0,0,11,0,0,2,10,1,1,0,0,0,0
2020-07-12,0,0,11,0,0,14,7,0,0,0,17,2,0,4,10,3,0,0,0,0,0
2020-07-13,0,0,6,1,2,34,12,0,0,0,20,4,0,4,14,4,0,0,0,0,0
2020-07-14,0,0,13,0,0,34,11,0,0,0,19,2,0,4,15,2,0,0,0,0,0
2020-07-15,0,0,15,0,0,35,18,0,0,0,18,1,0,2,17,4,2,0,0,0,0
2020-07-16,0,0,8,0,1,26,8,0,0,0,21,1,0,1,24,2,0,0,0,0,0
2020-07-17,0,0,8,0,1,20,15,0,0,0,8,1,0,3,16,1,0,0,0,0,0
2020-07-18,0,0,13,1,1,43,12,0,0,0,16,1,0,2,10,0,0,0,0,0,0
2020-07-19,0,0,9,0,0,22,8,0,0,0,9,0,0,5,12,1,0,0,0,0,0
2020-07-20,0,0,8,0,0,44,14,0,0,0,19,0,0,3,15,2,0,0,0,0,0
2020-07-21,0,0,21,0,2,29,7,0,0,0,14,0,0,4,41,2,0,1,0,0,0
2020-07-22,0,0,31,0,1,22,14,0,0,0,14,1,0,2,33,3,1,0,0,0,0
2020-07-23,0,0,44,0,1,35,29,0,0,0,44,6,0,7,18,4,0,0,0,0,0
2020-07-24,0,0,54,0,4,21,58,0,0,0,49,3,0,6,26,2,0,0,0,0,0
2020-07-25,0,0,32,0,1,25,29,1,0,0,49,2,0,6,12,0,0,0,0,0,0
2020-07-26,0,0,15,0,0,18,22,0,0,0,26,1,0,3,8,0,0,0,0,0,0
2020-07-27,0,0,31,0,0,22,32,0,0,0,31,2,0,0,17,3,0,0,0,0,0
2020-07-28,0,0,29,0,2,22,26,0,0,0,24,14,0,1,13,3,0,0,0,0,0
2020-07-29,0,0,18,0,2,33,40,0,0,0,17,12,0,4,29,1,0,0,0,0,0
2020-07-30,0,1,26,0,1,31,23,0,0,0,17,1,0,3,13,1,0,0,0,0,0
2020-07-31,0,0,17,0,0,26,20,0,0,0,24,2,0,2,8,0,1,0,0,0,0
2020-08-01,0,0,16,0,0,23,32,0,0,0,22,0,0,4,14,1,0,0,0,0,0
2020-08-02,0,0,16,0,1,27,35,0,0,0,26,1,0,2,9,0,0,0,1,0,0
2020-08-03,0,0,21,0,0,37,44,0,0,0,13,2,0,0,17,0,0,0,0,0,0
2020-08-04,0,0,13,0,13,37,33,0,0,0,6,1,0,4,22,0,0,0,0,0,0
2020-08-05,0,0,14,0,13,26,21,0,0,0,29,4,0,2,20,1,0,0,0,0,0
2020-08-06,0,0,31,1,0,17,13,0,0,0,9,4,0,4,21,1,0,0,0,0,0
2020-08-07,0,0,25,0,2,22,13,0,0,0,21,3,0,3,17,1,1,0,0,0,0
2020-08-08,0,0,10,0,1,18,15,0,0,0,13,2,0,3,19,2,0,0,0,0,0
2020-08-09,0,0,19,0,1,24,6,0,0,0,17,1,0,2,16,0,0,0,0,0,0
2020-08-10,0,0,17,0,5,34,13,0,0,0,20,2,0,7,10,2,0,0,0,0,0
2020-08-11,0,0,22,0,0,26,15,0,0,0,14,1,0,3,25,0,1,0,0,0,0
2020-08-12,0,0,22,1,4,24,11,2,0,0,24,3,0,2,14,0,0,0,0,0,0
2020-08-13,0,0,23,0,0,22,13,0,0,0,13,1,0,1,20,1,0,0,0,0,0
2020-08-14,0,0,11,0,4,32,8,0,0,0,10,2,0,3,18,2,0,0,0,0,0
2020-08-15,0,0,20,0,0,20,11,0,0,0,9,2,0,1,7,0,0,0,0,0,0
2020-08-16,0,0,11,0,1,25,12,0,0,0,12,0,0,3,7,1,0,0,0,0,0
2020-08-17,0,0,16,0,2,20,10,0,0,0,27,0,0,2,12,0,0,0,0,0,0
2020-08-18,0,0,15,0,0,21,17,0,0,0,23,0,0,7,11,1,0,0,0,0,0
2020-08-19,0,0,12,0,2,14,17,0,0,0,15,0,0,3,9,0,0,0,0,0,0
2020-08-20,0,0,17,0,3,33,15,0,0,0,9,1,0,4,7,0,0,0,0,0,0
2020-08-21,0,0,27,0,1,54,16,0,0,0,12,2,0,4,12,2,0,0,0,0,0
2020-08-22,0,0,16,0,0,24,7,0,0,0,8,0,0,2,7,2,1,0,0,0,0
2020-08-23,0,0,13,0,0,17,9,0,0,0,11,1,0,2,2,1,0,0,0,0,0
2020-08-24,0,0,9,0,0,27,9,0,0,1,12,1,0,5,27,1,1,0,0,0,0
2020-08-25,0,0,13,0,3,36,21,0,0,0,21,1,0,5,20,0,0,0,0,0,0
2020-08-26,0,0,6,0,2,27,18,0,0,0,10,1,0,4,4,0,0,0,0,0,0
2020-08-27,0,0,14,0,2,27,20,0,0,0,24,0,0,3,16,2,0,0,0,0,0
2020-08-28,0,0,4,0,2,31,10,1,0,0,17,0,0,9,13,1,0,0,0,0,0
2020-08-29,0,0,8,0,2,30,44,0,0,0,12,0,0,6,8,1,0,0,0,0,0
2020-08-30,0,0,31,0,1,226,29,0,0,0,15,2,0,5,11,0,0,0,0,0,0
2020-08-31,0,0,15,0,5,67,27,0,0,0,15,0,0,1,9,0,0,0,0,0,0
2020-09-01,0,0,19,0,2,48,23,0,0,0,16,2,0,3,9,1,0,0,0,0,0
2020-09-02,0,0,13,0,0,38,28,0,0,0,14,0,0,1,10,0,0,0,0,0,0
2020-09-03,0,0,19,0,1,45,22,0,0,0,7,1,0,1,8,0,1,0,0,0,0
2020-09-04,0,0,17,0,3,23,18,0,0,0,19,2,0,4,12,1,0,0,0,0,0
2020-09-05,0,0,8,0,3,19,16,0,0,0,16,0,0,2,8,1,0,0,0,0,0
2020-09-06,0,0,4,0,0,25,13,0,0,0,22,1,0,5,5,0,0,0,0,0,0
2020-09-07,0,0,13,0,0,46,8,0,0,0,18,0,0,7,8,1,0,0,0,0,0
2020-09-08,0,0,26,0,0,43,11,0,0,0,12,0,0,7,13,0,0,0,0,0,0
2020-09-09,0,0,22,0,0,49,12,0,0,0,12,1,0,1,10,0,0,0,0,0,0
2020-09-10,0,0,13,0,0,36,9,0,0,0,9,0,1,3,6,0,0,0,0,0,0
2020-09-11,0,0,11,0,2,36,13,0,0,0,20,2,0,2,9,0,0,0,0,0,0
2020-09-12,0,1,9,0,0,28,10,0,0,0,13,1,0,2,5,0,0,0,0,0,0
2020-09-13,0,0,14,0,0,33,15,0,0,0,10,1,0,3,4,1,0,0,0,0,0
2020-09-14,0,0,11,0,1,64,15,0,0,0,13,1,0,3,6,0,0,0,0,0,0
2020-09-15,0,0,8,0,2,146,14,0,0,0,8,1,0,1,9,0,0,0,0,0,0
2020-09-16,0,0,7,0,2,119,12,0,0,0,8,0,0,3,19,0,0,0,0,0,0
2020-09-17,0,0,14,0,3,53,15,0,0,0,23,0,0,1,10,1,0,0,0,0,0
2020-09-18,0,0,3,0,1,40,9,0,0,0,44,1,0,1,5,0,0,0,0,0,0
2020-09-19,0,0,6,0,3,39,8,0,0,0,16,0,0,3,6,0,0,0,0,0,0
2020-09-20,0,0,9,0,0,39,7,0,0,0,11,0,0,3,10,0,0,0,0,0,0
2020-09-21,0,0,10,0,3,46,11,0,0,0,10,2,0,4,21,2,0,0,0,0,0
2020-09-22,0,0,15,0,0,49,14,0,0,0,9,2,0,4,11,0,0,0,0,0,0
2020-09-23,0,0,6,0,0,49,5,0,0,0,11,0,0,0,9,1,0,0,0,0,0
2020-09-24,0,0,18,0,0,40,12,0,0,0,12,0,0,3,5,1,0,0,0,0,0
2020-09-25,0,0,16,0,0,42,11,0,0,0,4,0,0,21,10,0,0,0,0,0,0
2020-09-26,0,0,17,0,1,30,9,0,0,0,6,1,0,15,5,0,0,0,0,0,0
2020-09-27,0,0,10,0,4,29,2,0,0,0,3,0,0,4,3,0,0,0,0,0,0
2020-09-28,0,0,15,0,0,33,15,0,0,0,7,0,0,5,8,1,0,0,0,0,0
2020-09-29,0,0,9,0,1,57,14,0,0,0,8,0,0,4,4,0,1,0,0,0,0
2020-09-30,0,0,14,0,1,37,9,0,0,0,6,2,0,11,7,0,0,0,0,0,0
2020-10-01,0,0,16,0,0,33,18,0,0,0,10,3,0,3,5,0,0,0,0,0,0
2020-10-02,0,0,19,0,2,42,14,0,0,0,16,3,0,2,4,0,1,0,0,0,0
2020-10-03,0,0,9,0,0,16,10,0,0,0,8,0,0,8,5,0,0,0,0,0,0
2020-10-04,0,0,4,0,0,18,9,0,0,0,10,1,0,5,2,0,0,0,0,0,0
2020-10-05,0,0,11,0,1,22,7,0,0,0,11,0,0,1,5,0,2,0,0,0,0
2020-10-06,0,0,12,0,1,24,12,0,0,0,10,0,0,6,7,0,0,0,0,0,0
2020-10-07,0,0,9,0,0,29,14,0,0,1,24,0,0,2,7,0,0,0,0,0,0
2020-10-08,0,0,8,0,2,16,7,0,0,0,16,0,0,8,6,2,0,0,0,0,0
2020-10-09,0,0,8,0,3,20,14,0,0,0,8,1,0,7,5,0,0,0,0,0,0
2020-10-10,0,0,14,0,1,22,11,0,0,0,21,1,0,7,2,0,1,0,0,0,0
2020-10-11,0,0,10,0,0,26,4,0,0,0,14,0,0,8,9,0,0,0,0,0,0
2020-10-12,0,0,11,0,1,31,7,0,0,0,11,2,0,10,3,0,0,0,0,0,0
2020-10-13,0,0,15,0,2,26,21,0,0,1,18,8,0,13,24,1,0,0,0,0,0
2020-10-14,0,0,10,0,1,40,15,0,0,0,15,1,0,12,11,0,0,0,0,0,0
2020-10-15,0,0,52,0,1,28,29,0,0,0,15,0,0,3,7,0,0,0,0,0,0
2020-10-16,0,0,81,0,3,20,10,0,0,0,6,2,0,2,7,1,0,0,0,0,0
2020-10-17,0,0,24,0,1,11,12,0,0,0,8,2,0,2,6,1,0,0,0,0,0
2020-10-18,0,0,10,0,0,13,13,0,0,0,11,1,0,2,5,0,0,0,0,0,0
2020-10-19,0,0,28,0,1,18,17,0,0,0,12,0,0,6,14,1,0,0,0,0,0
2020-10-20,0,0,24,0,0,20,14,0,0,0,28,1,0,9,28,1,1,0,0,0,0
2020-10-21,0,0,10,0,0,32,21,0,0,0,16,0,0,3,29,1,0,0,0,0,0
2020-10-22,0,0,20,0,2,15,15,0,0,0,13,1,0,8,10,0,0,0,0,0,0
2020-10-23,0,0,15,0,1,26,14,0,0,0,7,0,0,5,15,0,0,0,0,0,0
2020-10-24,0,0,12,0,1,13,13,0,0,0,7,0,0,4,10,0,0,0,0,0,0
2020-10-25,0,0,18,0,0,13,10,0,0,0,7,1,0,3,46,2,0,0,0,0,0
2020-10-26,0,0,15,0,2,19,12,0,0,0,7,1,0,6,15,2,0,0,0,0,0
2020-10-27,0,0,15,0,2,27,17,0,0,0,8,3,0,3,13,0,0,0,0,0,0
2020-10-28,0,0,15,1,0,20,14,0,0,0,10,2,0,3,12,0,0,1,0,0,0
2020-10-29,0,0,14,0,1,20,8,0,0,0,5,1,0,3,10,1,0,0,0,0,0
2020-10-30,0,0,13,0,0,20,11,0,0,0,8,0,0,5,13,0,0,0,0,0,0
2020-10-31,0,0,10,0,0,28,5,0,0,0,9,0,0,1,10,0,0,0,0,0,0
2020-11-01,0,0,11,0,0,25,16,0,0,0,9,0,0,1,5,0,0,0,0,0,0
2020-11-02,0,0,13,0,1,25,6,0,0,0,12,0,0,2,12,0,0,0,0,0,0
2020-11-03,0,0,13,0,0,16,4,0,0,0,6,1,0,2,20,2,0,0,0,0,0
2020-11-04,0,0,11,0,2,35,6,0,0,0,5,8,0,4,11,4,0,0,0,0,0
2020-11-05,0,0,7,0,2,25,11,0,0,0,10,9,0,3,20,2,0,0,0,0,0
2020-11-06,0,0,6,0,1,32,9,0,0,0,9,3,0,3,7,3,0,0,0,0,0
2020-11-07,0,0,3,0,2,26,10,0,0,0,13,2,0,6,11,0,0,0,0,0,0
2020-11-08,0,0,9,0,1,33,9,0,0,0,7,2,0,1,10,0,0,0,0,0,0
2020-11-09,0,0,10,0,1,47,12,0,0,0,10,1,0,4,18,1,0,0,0,0,0
2020-11-10,0,0,10,0,2,44,16,0,0,0,22,1,0,9,13,0,0,0,0,0,0
2020-11-11,0,0,9,0,1,88,20,0,0,0,14,1,0,6,16,0,0,0,0,0,0
2020-11-12,0,0,13,0,1,133,18,0,0,0,19,1,0,3,7,0,0,0,0,0,0
2020-11-13,0,0,18,0,1,86,17,0,0,0,15,1,0,2,16,0,0,0,0,0,0
2020-11-14,0,0,17,0,0,95,8,0,0,0,4,0,0,2,22,0,0,0,0,0,0
2020-11-15,0,0,9,1,0,60,10,0,0,0,12,0,0,2,6,0,0,0,0,0,0
2020-11-16,0,0,13,0,0,59,13,0,0,0,11,0,0,1,16,0,0,0,0,0,0
2020-11-17,0,0,13,0,0,63,16,0,0,0,14,1,0,4,12,0,0,0,0,0,0
2020-11-18,0,0,18,0,1,96,24,0,0,0,15,1,0,3,6,0,0,0,0,1,0
2020-11-19,0,0,28,0,0,56,27,0,0,0,15,1,0,2,9,0,0,0,0,0,0
2020-11-20,0,0,9,0,0,44,11,0,0,0,6,1,0,4,13,0,0,0,0,0,0
2020-11-21,0,0,12,0,1,25,5,0,0,0,8,0,0,2,6,1,0,0,0,0,0
2020-11-22,0,0,10,0,0,33,7,0,0,0,3,1,0,1,17,0,0,0,0,0,0
2020-11-23,0,0,14,0,1,41,18,0,0,0,16,1,0,1,5,0,0,0,0,0,0
2020-11-24,0,0,15,0,1,43,17,0,0,0,9,1,0,1,12,2,0,0,0,0,0
2020-11-25,0,0,6,0,1,65,7,0,0,0,3,1,0,2,36,0,0,0,0,0,0
2020-11-26,0,0,7,0,2,54,8,0,0,0,2,1,0,0,8,0,0,0,0,0,0
2020-11-27,0,0,3,0,1,53,10,0,0,0,4,0,0,6,7,0,0,0,0,0,0
2020-11-28,0,0,9,0,1,25,6,0,0,0,1,1,0,2,4,0,0,0,0,0,0
2020-11-29,0,0,7,0,1,43,7,0,0,0,8,0,0,1,10,0,0,0,0,0,0
2020-11-30,0,0,9,0,1,37,8,0,0,0,12,2,0,2,9,0,0,0,0,0,0
2020-12-01,0,0,2,1,2,33,12,0,0,0,17,0,0,0,11,0,0,0,0,0,0
2020-12-02,0,0,8,0,0,24,11,0,0,0,6,0,0,5,7,2,0,0,0,0,0
2020-12-03,0,0,14,0,2,25,13,0,0,0,9,2,0,0,10,1,0,0,0,0,0
2020-12-04,0,0,5,0,3,27,10,0,0,0,10,1,0,6,15,1,0,0,0,0,0
2020-12-05,0,0,4,0,0,25,7,0,0,0,9,1,0,0,9,0,0,0,0,0,0
2020-12-06,0,0,7,0,3,22,3,0,0,0,7,0,0,2,7,0,0,0,0,0,0
2020-12-07,0,0,20,0,10,40,20,0,0,0,8,0,0,1,14,0,0,0,0,0,0
2020-12-08,0,0,15,0,7,33,3,0,0,0,7,1,0,1,12,0,0,0,0,0,1
2020-12-09,0,0,12,0,1,31,10,0,0,0,8,0,0,4,10,1,0,0,0,0,0
2020-12-10,0,0,6,0,0,39,13,0,0,0,7,3,0,2,6,0,0,0,0,0,0
2020-12-11,0,0,6,0,1,37,7,0,0,0,2,0,0,3,5,0,0,0,0,0,0
2020-12-12,0,0,4,0,0,16,11,0,0,0,3,0,0,1,9,0,0,0,0,0,0
2020-12-13,0,0,22,0,1,21,22,0,0,0,6,0,0,1,10,2,0,0,0,0,0
2020-12-14,0,0,29,0,1,35,15,0,0,1,6,0,0,1,10,0,0,0,0,0,0
2020-12-15,0,0,9,0,1,40,12,0,0,0,7,0,0,2,12,0,0,0,0,0,0
2020-12-16,0,0,13,0,1,44,9,0,0,0,10,1,0,5,14,1,0,0,0,0,0
2020-12-17,0,0,8,0,1,49,21,0,0,0,7,0,0,1,17,1,0,0,0,0,0
2020-12-18,0,0,8,0,1,23,15,0,0,0,6,0,0,0,11,0,0,0,0,0,0
2020-12-19,0,0,2,0,1,33,10,0,0,0,5,3,0,4,9,0,0,0,0,0,0
2020-12-20,0,0,8,0,2,29,17,0,0,0,5,0,0,1,13,1,1,0,0,0,0
2020-12-21,0,0,12,0,1,51,9,0,0,0,12,0,0,6,3,1,0,0,0,0,0
2020-12-22,0,0,15,0,0,45,5,0,0,0,9,0,0,3,5,1,0,0,0,0,0
2020-12-23,0,0,10,0,0,35,11,0,0,0,9,1,0,3,7,1,1,0,0,0,0
2020-12-24,0,0,2,0,0,17,8,0,0,0,4,1,0,1,6,1,0,0,0,0,0
2020-12-25,0,0,9,0,0,24,6,0,0,0,4,1,0,2,3,1,0,0,0,0,0
2020-12-26,0,0,14,0,1,29,10,0,0,0,10,0,0,3,8,0,0,0,0,0,0
2020-12-27,0,0,11,0,2,49,17,0,0,0,26,0,0,7,13,0,0,0,0,0,0
2020-12-28,0,0,7,0,3,47,10,0,0,0,22,1,0,8,12,0,0,0,0,0,0
2020-12-29,0,0,9,0,1,56,10,0,0,0,23,0,0,6,10,0,0,0,0,0,0
2020-12-30,0,0,17,0,0,47,12,0,0,0,15,0,0,10,11,1,0,0,0,0,0
2020-12-31,0,0,8,0,2,38,11,0,0,0,9,0,0,1,2,1,0,0,0,0,0
2021-01-01,0,0,5,0,3,15,7,0,0,0,11,1,0,0,5,1,0,0,0,0,0
2021-01-02,0,0,11,0,2,38,8,0,0,0,13,0,0,4,8,0,0,0,0,0,0
2021-01-03,0,0,11,0,2,46,11,0,0,0,11,0,0,3,7,1,0,0,0,0,0
2021-01-04,0,0,19,0,2,84,9,1,0,0,22,0,0,1,23,1,0,0,0,0,0
2021-01-05,0,0,31,6,12,79,51,0,0,0,11,1,1,3,15,3,1,0,0,0,0
2021-01-06,0,0,12,2,6,76,21,0,0,0,18,1,0,1,17,1,0,0,0,0,0
2021-01-07,0,0,15,0,2,63,12,0,0,0,14,1,0,0,11,0,0,0,0,0,0
2021-01-08,0,0,14,0,1,39,12,0,0,0,13,0,0,5,12,1,0,0,0,0,0
2021-01-09,0,0,6,0,3,54,13,0,0,0,7,2,0,1,4,0,0,0,0,0,0
2021-01-10,0,0,9,0,3,35,8,0,0,0,12,1,0,0,10,0,0,0,0,0,0
2021-01-11,0,0,13,0,3,48,9,0,0,0,4,0,0,2,10,0,0,0,0,0,0
2021-01-12,0,0,6,0,0,55,11,0,0,0,9,0,0,2,10,2,0,0,0,0,0
2021-01-13,0,0,4,0,0,30,7,0,0,0,9,0,0,0,5,0,0,0,0,0,0
2021-01-14,0,0,7,0,1,37,8,0,0,0,7,0,0,0,5,0,0,0,0,0,0
2021-01-15,0,0,7,0,1,28,8,1,0,0,6,0,0,0,5,0,0,0,0,0,0
2021-01-16,0,0,8,0,0,22,6,0,0,0,13,1,0,2,7,0,0,0,0,0,0
2021-01-17,0,0,14,0,2,31,5,0,0,0,8,1,0,1,7,0,1,0,0,0,0
2021-01-18,0,0,12,0,0,27,10,0,0,0,5,0,0,0,11,1,0,0,0,0,0
2021-01-19,0,0,14,0,1,22,10,0,0,0,6,1,0,3,14,0,1,0,0,0,0
2021-01-20,0,0,12,0,1,8,8,0,0,0,4,0,0,0,17,3,0,0,0,0,0
2021-01-21,0,0,12,1,0,22,9,0,0,0,3,0,0,1,30,0,0,0,0,0,0
2021-01-22,0,0,12,0,0,27,5,0,0,0,7,0,0,0,19,1,0,0,0,0,0
2021-01-23,0,0,8,0,0,21,14,0,0,0,12,0,0,0,6,0,0,0,0,0,0
2021-01-24,0,0,20,0,1,18,4,0,0,0,4,0,0,1,4,0,0,0,0,0,0
2021-01-25,0,0,12,0,1,23,15,0,0,0,7,0,0,1,6,1,0,0,0,0,0
2021-01-26,0,0,7,0,2,21,7,0,0,0,6,1,0,0,5,0,0,0,0,0,0
2021-01-27,0,0,10,0,1,21,4,0,0,0,5,1,0,0,10,0,0,0,0,0,0
2021-01-28,0,0,9,0,1,20,5,0,0,0,5,0,0,0,11,0,0,0,0,0,0
2021-01-29,0,0,4,0,0,30,11,0,0,0,2,1,0,1,17,1,0,0,0,0,0
2021-01-30,0,0,6,0,0,18,4,0,0,0,6,1,0,1,15,0,0,0,0,0,0
2021-01-31,0,0,6,0,0,12,5,0,0,0,5,1,0,1,7,0,0,0,0,0,0
2021-02-01,0,0,5,0,0,19,5,0,0,0,11,0,0,1,5,0,0,0,0,0,0
2021-02-02,0,0,11,0,1,29,10,0,0,0,6,0,0,0,7,1,0,0,0,0,0
2021-02-03,0,0,5,0,0,23,9,0,0,0,23,3,0,1,4,0,0,0,0,0,0
2021-02-04,0,0,5,0,1,24,4,0,0,0,8,0,0,0,3,1,0,0,0,0,0
2021-02-05,0,0,6,0,1,18,8,0,0,0,6,0,0,1,7,1,0,0,0,0,0
2021-02-06,0,0,8,0,0,16,5,0,0,0,2,0,0,0,2,0,0,0,0,0,0
2021-02-07,0,0,8,0,0,4,5,0,0,0,7,0,0,1,5,0,0,0,0,0,0
2021-02-08,0,0,6,0,4,22,3,0,0,0,6,0,0,3,5,1,0,0,0,0,0
2021-02-09,0,0,4,0,0,22,3,0,0,0,6,0,0,2,3,0,0,0,0,0,0
2021-02-10,0,0,6,0,0,17,5,0,0,0,8,1,0,2,7,0,0,0,0,0,0
2021-02-11,0,0,4,0,0,13,4,0,0,0,7,0,0,1,4,0,0,0,0,0,0
2021-02-12,0,0,6,0,0,16,5,0,0,0,2,0,0,0,9,0,0,0,0,0,0
2021-02-13,0,0,2,0,0,11,3,0,0,0,2,0,0,1,5,0,0,0,0,0,0
2021-02-14,0,0,5,0,0,2,6,0,0,0,4,0,0,2,5,0,0,0,0,0,0
2021-02-15,0,0,8,0,0,26,7,0,0,0,9,0,0,1,6,0,0,0,0,0,0
2021-02-16,0,0,16,0,1,17,5,0,0,0,5,0,0,1,1,0,0,0,0,0,0
2021-02-17,0,0,8,0,0,7,4,0,0,0,24,0,0,0,1,0,0,0,0,0,0
2021-02-18,0,0,4,0,2,12,7,0,0,0,8,0,0,0,5,0,0,0,0,0,0
2021-02-19,0,0,4,0,0,15,11,0,0,0,7,0,0,0,3,0,0,0,0,0,0
2021-02-20,0,0,4,0,2,15,5,0,0,0,0,0,0,1,3,0,0,0,0,0,0
2021-02-21,0,0,7,0,2,8,2,0,0,0,2,1,0,1,3,0,0,0,0,0,0
2021-02-22,0,0,1,0,1,14,7,0,0,0,6,0,0,1,1,0,0,0,0,0,0
2021-02-23,1,0,3,0,0,10,4,0,0,0,7,0,0,0,5,0,0,0,0,0,0
2021-02-24,0,0,8,0,2,17,7,0,0,0,4,0,0,0,14,0,0,0,0,0,0
2021-02-25,0,0,11,0,1,18,6,0,0,0,6,0,0,1,2,1,0,0,0,0,0
2021-02-26,0,0,2,0,2,19,8,0,0,0,11,1,0,2,13,0,0,0,0,0,0
2021-02-27,0,0,3,0,0,10,5,0,0,0,3,0,0,3,5,0,0,0,0,0,0
2021-02-28,0,0,4,0,1,10,14,0,0,0,11,0,0,0,4,0,0,0,0,0,0
2021-03-01,0,0,13,0,0,9,6,0,0,0,8,0,0,3,13,0,0,0,0,0,0
2021-03-02,0,0,4,0,0,14,3,0,0,0,5,1,0,2,4,0,0,0,0,0,0
2021-03-03,0,0,7,0,5,10,5,0,0,0,6,0,0,2,7,0,0,0,0,0,0
2021-03-04,0,0,3,0,0,18,4,0,0,0,2,1,0,1,13,1,0,0,0,0,0
2021-03-05,0,0,8,0,2,13,7,0,0,0,16,0,0,2,16,0,0,0,0,0,0
2021-03-06,0,0,6,0,0,8,2,0,0,0,9,1,0,1,9,0,0,0,0,0,0
2021-03-07,0,0,9,0,0,11,4,0,0,0,8,1,0,0,16,0,0,0,0,0,0
2021-03-08,0,0,9,0,1,4,6,0,0,0,10,0,0,0,9,0,1,0,0,0,0
2021-03-09,0,0,7,0,4,15,11,0,0,0,7,0,0,0,16,0,0,0,0,0,0
2021-03-10,0,0,4,0,1,13,5,0,0,0,6,0,0,1,10,0,0,0,0,0,0
2021-03-11,0,0,5,0,3,11,7,0,0,0,10,0,0,4,20,1,0,0,0,0,0
2021-03-12,0,0,3,0,1,14,7,0,0,0,4,0,0,0,9,1,0,0,0,0,0
2021-03-13,0,0,4,0,2,11,2,0,0,0,3,1,0,3,9,0,0,0,0,0,0
2021-03-14,0,0,4,0,2,22,1,0,0,0,2,0,0,0,4,0,0,0,0,0,0
2021-03-15,0,0,11,0,1,10,8,0,0,0,1,0,0,0,13,0,0,0,0,0,0
2021-03-16,0,0,6,0,0,19,22,0,0,0,5,0,0,1,18,0,0,0,0,0,0
2021-03-17,0,0,8,0,1,14,3,0,0,0,5,0,0,4,16,0,0,0,0,0,0
2021-03-18,0,0,4,0,1,22,7,0,0,0,2,0,0,5,4,0,1,0,0,0,0
2021-03-19,0,0,4,1,3,9,10,0,0,0,5,0,0,1,15,0,0,0,0,0,0
2021-03-20,0,0,7,0,3,14,5,0,0,0,3,0,0,6,9,0,0,0,0,0,0
2021-03-21,0,0,5,0,3,11,4,0,0,0,3,0,0,3,7,0,0,0,0,0,0
2021-03-22,0,0,6,0,2,9,6,0,0,0,4,1,0,3,7,0,0,0,0,0,0
2021-03-23,0,0,2,0,2,9,5,0,0,0,2,0,0,4,10,0,0,0,0,0,0
2021-03-24,0,0,5,0,1,11,8,0,0,0,4,0,0,1,16,0,1,0,0,0,0
2021-03-25,0,0,4,0,1,22,7,0,0,0,2,0,0,1,6,1,0,0,0,0,0
2021-03-26,0,0,2,1,0,11,6,0,0,0,6,1,0,0,5,1,1,0,0,0,0
2021-03-27,0,0,9,0,1,8,4,0,0,0,3,0,0,1,8,0,0,0,0,0,0
2021-03-28,0,0,4,0,0,10,24,0,0,0,1,1,0,1,24,1,0,0,0,0,0
2021-03-29,0,0,4,0,1,10,9,0,0,0,6,0,0,7,56,0,0,0,0,0,0
2021-03-30,0,0,6,0,2,17,8,0,0,0,2,0,0,1,19,3,0,0,0,0,0
2021-03-31,0,0,5,0,2,13,9,0,0,0,7,3,0,1,12,0,0,0,0,0,0
2021-04-01,0,0,3,0,0,11,14,0,0,0,5,0,0,2,13,0,0,0,0,0,0
2021-04-02,0,0,3,0,1,13,7,0,0,0,6,0,0,3,4,0,0,0,0,0,0
2021-04-03,0,0,1,0,1,13,4,0,0,0,3,1,0,3,2,0,0,0,0,0,0
2021-04-04,0,0,2,0,0,6,1,0,0,0,2,2,0,0,3,0,0,0,0,0,0
2021-04-05,1,0,4,0,0,8,3,0,0,0,2,0,0,1,10,0,0,0,0,0,0
2021-04-06,0,0,9,0,2,10,6,0,0,0,2,0,0,2,6,0,1,0,0,0,0
2021-04-07,0,0,9,0,0,11,4,0,0,0,5,0,0,1,5,0,0,0,0,0,0
2021-04-08,0,0,12,0,2,20,3,0,0,0,0,2,0,1,7,0,0,0,0,0,0
2021-04-09,0,0,5,0,0,16,6,0,0,0,3,16,0,0,13,0,0,0,0,0,0
2021-04-10,0,0,4,0,2,16,4,0,0,0,1,1,0,1,4,0,0,0,0,0,0
2021-04-11,0,0,5,0,2,8,6,0,0,0,6,0,0,3,5,0,0,0,0,0,0
2021-04-12,0,0,20,0,3,9,5,0,0,0,4,0,0,1,5,0,0,0,0,0,0
2021-04-13,0,0,8,0,0,14,8,0,0,1,5,1,0,3,20,0,0,0,0,0,0
2021-04-14,0,0,2,0,0,8,3,0,0,0,9,1,0,2,11,0,0,0,0,0,0
2021-04-15,0,0,11,0,0,10,9,0,0,0,3,0,0,3,2,0,0,0,0,0,0
2021-04-16,0,0,9,0,2,20,7,0,0,0,1,0,0,2,4,0,0,0,0,0,0
2021-04-17,0,0,5,0,3,8,6,0,0,0,3,0,0,4,5,0,0,0,0,0,0
2021-04-18,0,0,5,0,2,12,1,0,0,0,5,0,0,3,4,1,0,0,0,0,0
2021-04-19,0,0,2,0,1,21,5,0,0,0,1,0,0,1,10,0,0,0,0,0,0
2021-04-20,0,0,8,0,2,18,10,0,0,0,4,1,0,0,8,1,0,0,0,0,0
2021-04-21,0,0,9,0,1,16,9,0,0,0,3,0,0,0,6,1,0,0,0,0,0
2021-04-22,0,0,10,0,1,25,6,0,0,0,10,0,0,0,6,1,0,0,0,0,0
2021-04-23,0,0,2,0,2,11,4,0,0,0,2,1,0,0,3,2,0,0,0,0,0
2021-04-24,0,0,3,0,1,10,6,0,0,0,5,0,0,0,6,0,0,0,0,0,0
2021-04-25,0,0,5,0,0,15,5,0,0,0,4,1,0,2,6,0,0,0,0,0,0
2021-04-26,0,0,13,0,0,12,6,0,0,0,1,1,0,2,6,0,0,0,0,0,0
2021-04-27,0,0,8,0,1,12,9,0,0,0,2,0,0,3,5,0,0,0,0,0,0
2021-04-28,0,0,7,0,0,14,8,0,0,0,6,1,0,1,62,0,0,0,0,0,0
2021-04-29,0,0,10,0,1,21,5,0,0,0,3,0,0,0,9,0,0,0,0,0,0
2021-04-30,0,0,9,0,1,15,5,0,0,0,5,0,0,3,5,1,0,0,0,0,0
2021-05-01,0,0,16,0,1,24,4,0,0,0,3,1,0,9,3,0,0,0,0,0,0
2021-05-02,0,0,9,0,0,12,5,0,0,1,3,0,0,1,5,1,0,0,0,0,0
2021-05-03,0,0,8,0,0,14,6,0,0,0,0,0,0,4,1,0,0,0,0,0,0
2021-05-04,0,0,7,0,1,9,11,0,0,0,0,0,0,4,7,2,0,0,0,0,0
2021-05-05,0,0,8,0,1,18,8,0,0,0,4,0,0,0,16,0,0,0,0,0,0
2021-05-06,0,0,6,0,1,11,6,0,0,0,3,0,0,3,12,0,0,0,0,0,0
2021-05-07,0,0,8,0,3,22,6,0,0,0,2,1,0,2,7,0,0,0,0,0,0
2021-05-08,0,0,11,0,1,14,3,0,0,0,5,0,0,2,0,0,0,0,0,0,0
2021-05-09,0,0,5,0,0,8,6,0,0,0,2,0,0,1,4,0,0,0,0,0,0
2021-05-10,0,0,7,0,4,16,9,0,0,0,6,1,0,1,6,1,0,0,0,0,0
2021-05-11,0,0,6,0,2,15,14,0,0,0,4,1,0,2,6,0,0,0,0,0,0
2021-05-12,0,0,7,0,3,22,8,0,0,1,6,0,0,4,5,0,0,0,0,0,0
2021-05-13,0,0,1,0,1,13,2,0,0,0,2,1,0,0,6,1,0,0,0,0,0
2021-05-14,0,0,6,0,1,22,15,0,0,0,1,1,0,1,9,0,0,0,0,0,0
2021-05-15,0,0,7,0,4,21,14,0,0,0,1,0,0,2,4,0,0,0,0,0,0
2021-05-16,0,0,5,0,2,21,7,0,0,0,3,0,0,2,4,0,0,0,0,0,0
2021-05-17,0,0,5,0,0,21,7,0,0,0,2,0,0,2,2,0,0,0,0,0,0
2021-05-18,0,0,9,0,1,17,4,0,0,0,4,1,0,2,71,0,0,0,0,0,0
2021-05-19,0,0,6,0,1,10,6,0,0,0,5,0,0,0,12,0,0,0,0,0,0
2021-05-20,0,0,5,0,1,12,5,0,0,0,5,1,0,1,6,0,0,0,0,0,0
2021-05-21,0,0,6,0,1,19,3,0,0,0,1,0,0,3,2,0,0,0,0,0,0
2021-05-22,0,0,5,0,3,11,7,0,0,0,4,0,0,1,2,0,0,0,0,0,0
2021-05-23,0,0,8,0,0,10,5,0,0,0,1,0,0,0,3,0,0,0,0,0,0
2021-05-24,0,0,4,0,0,14,4,0,0,0,5,0,0,0,0,0,0,0,0,0,0
2021-05-25,0,0,7,0,2,23,10,0,0,0,3,0,0,0,12,0,0,0,0,0,0
2021-05-26,0,0,42,0,2,18,8,0,0,0,7,0,0,0,7,0,0,0,0,0,0
2021-05-27,0,0,7,0,1,17,12,0,0,0,3,0,0,0,6,0,0,0,0,0,0
2021-05-28,0,0,5,0,0,12,6,0,0,0,1,0,0,2,1,0,0,0,0,0,0
2021-05-29,0,0,4,0,3,8,6,0,0,0,5,1,0,0,4,0,0,0,0,0,0
2021-05-30,0,0,9,0,1,10,5,0,0,0,1,1,0,1,7,0,0,0,0,0,0
2021-05-31,0,0,13,0,0,12,13,0,0,0,1,0,0,1,9,0,0,0,0,0,0
2021-06-01,0,0,8,0,3,13,4,0,0,0,8,0,0,1,6,0,1,0,0,0,0
2021-06-02,0,0,7,0,4,21,10,0,0,0,4,0,0,2,5,0,0,0,0,0,0
2021-06-03,0,0,8,0,2,19,9,0,0,0,6,0,0,0,7,0,11,0,0,0,0
2021-06-04,0,0,6,0,0,20,4,0,0,0,3,0,0,0,5,0,0,0,0,0,0
2021-06-05,0,0,2,0,0,13,7,0,0,0,8,0,0,1,4,0,0,0,0,0,0
2021-06-06,0,0,1,0,1,13,3,0,0,0,30,0,0,1,4,0,0,0,0,0,0
2021-06-07,0,0,2,0,1,14,7,0,0,0,17,1,0,0,9,1,0,0,0,0,0
2021-06-08,0,0,3,0,1,20,8,0,0,0,7,0,0,1,5,0,0,0,0,0,0
2021-06-09,0,0,6,0,1,12,7,0,0,0,7,0,0,0,11,0,0,0,0,0,0
2021-06-10,0,0,9,0,0,11,6,0,0,0,4,0,0,2,8,0,0,0,0,0,0
2021-06-11,0,0,6,0,1,18,7,0,0,0,6,0,0,1,3,0,0,0,0,0,0
2021-06-12,0,0,5,0,0,11,5,0,0,0,3,0,0,0,3,0,0,0,0,0,0
2021-06-13,0,0,7,0,2,6,8,0,0,0,44,0,0,1,2,0,0,0,0,0,0
2021-06-14,0,0,6,0,1,9,4,0,0,0,5,0,0,0,5,0,0,0,0,0,0
2021-06-15,0,0,9,0,0,18,7,0,0,0,0,0,0,3,7,0,0,0,0,0,0
2021-06-16,0,0,4,0,0,13,5,0,0,0,15,0,0,2,4,0,0,0,0,0,0
2021-06-17,0,0,4,0,0,32,8,0,0,0,12,0,0,2,6,1,0,0,0,0,0
2021-06-18,0,0,4,0,3,25,5,0,0,0,15,0,0,0,4,0,0,0,0,0,0
2021-06-19,0,0,4,0,0,11,1,0,0,0,22,0,0,0,5,0,0,0,0,0,0
2021-06-20,0,0,4,0,1,3,1,0,0,0,3,0,0,1,1,0,0,0,0,0,0
2021-06-21,0,0,7,0,0,17,4,0,0,0,6,0,0,1,7,0,0,0,0,0,0
2021-06-22,0,0,8,0,1,12,6,0,0,0,2,0,0,0,9,1,0,0,0,0,0
2021-06-23,0,0,5,0,0,9,4,0,0,0,10,2,0,3,5,0,0,0,0,0,0
2021-06-24,0,0,7,0,0,14,6,0,0,0,26,0,0,0,2,0,0,0,0,0,0
2021-06-25,0,0,4,0,0,18,6,0,0,0,7,0,0,1,8,0,0,0,0,0,0
2021-06-26,0,0,7,0,1,22,4,0,0,0,6,1,0,0,5,0,0,0,0,0,0
2021-06-27,0,0,5,0,1,7,6,0,0,0,3,0,0,1,2,0,0,0,0,0,0
2021-06-28,0,0,7,0,2,14,7,0,0,0,7,0,0,1,5,0,0,0,0,0,0
2021-06-29,0,0,9,0,1,27,4,0,0,0,4,0,0,1,4,0,0,0,0,0,0
2021-06-30,0,0,2,0,0,54,5,0,0,0,3,0,0,1,2,0,0,0,0,0,0
2021-07-01,0,0,2,0,1,24,4,0,0,0,3,0,0,3,5,1,0,0,0,0,0
2021-07-02,0,0,4,0,0,21,18,0,0,0,3,0,0,7,4,1,0,0,0,0,0
2021-07-03,0,0,3,0,0,13,6,0,0,0,0,0,0,2,1,2,0,0,0,0,0
2021-07-04,0,0,4,0,0,19,8,0,0,0,3,0,0,4,4,3,0,0,0,0,0
2021-07-05,0,0,9,0,0,20,7,0,0,0,5,0,0,9,5,1,0,0,0,0,0
2021-07-06,0,0,8,0,1,15,14,0,0,0,4,0,0,2,4,2,1,0,0,0,0
2021-07-07,0,0,3,0,0,34,2,0,0,0,6,1,0,0,3,0,0,0,0,0,0
2021-07-08,0,0,6,0,1,18,6,0,0,0,6,0,0,1,3,0,0,0,0,0,0
2021-07-09,0,0,9,0,0,13,8,0,0,0,4,0,0,3,3,1,0,0,0,0,0
2021-07-10,0,0,12,0,1,30,4,0,0,0,1,0,0,5,4,0,0,0,0,0,0
2021-07-11,0,0,6,0,0,24,10,0,0,0,2,0,0,1,1,1,0,0,0,0,0
2021-07-12,0,0,5,0,0,38,5,0,0,0,4,0,0,2,7,0,0,0,0,0,0
2021-07-13,0,0,2,0,1,29,7,0,0,0,5,0,0,4,7,0,0,0,0,0,0
2021-07-14,0,0,2,0,0,27,3,0,0,0,5,0,0,0,7,0,1,0,0,0,0
2021-07-15,0,0,5,0,0,28,2,0,0,0,7,0,0,3,3,0,0,0,0,0,0
2021-07-16,0,0,3,0,2,28,5,0,0,0,3,0,0,3,7,0,0,0,0,0,0
2021-07-17,0,0,5,0,0,16,0,0,0,0,7,0,0,0,5,0,0,0,0,0,0
2021-07-18,0,0,8,0,1,22,1,0,0,0,5,0,0,1,5,0,0,0,0,0,0
2021-07-19,0,0,7,0,2,22,5,0,0,0,4,0,0,4,6,1,0,0,0,0,0
2021-07-20,0,0,2,0,1,18,6,0,0,0,2,0,0,2,4,1,0,0,0,0,0
2021-07-21,0,0,4,0,0,23,5,0,0,0,8,1,0,6,6,0,0,0,0,0,0
2021-07-22,0,0,25,0,0,17,2,0,0,0,6,0,0,14,5,0,1,0,0,0,0
2021-07-23,0,0,7,0,1,15,6,0,0,0,9,0,0,2,6,0,1,0,0,0,0
2021-07-24,0,0,7,0,1,25,4,0,0,0,3,0,0,3,3,0,0,0,0,0,0
2021-07-25,0,0,7,0,0,15,8,0,0,0,5,0,0,6,1,0,0,0,0,0,0
2021-07-26,0,0,8,0,2,16,2,0,0,0,4,0,0,2,3,0,0,0,0,0,0
2021-07-27,0,0,8,0,0,21,2,0,0,0,10,0,0,2,2,0,0,0,0,0,0
2021-07-28,0,0,7,0,0,18,7,0,0,0,9,1,0,5,7,0,0,0,0,0,0
2021-07-29,0,0,14,0,2,11,8,0,0,0,5,0,0,7,10,1,0,0,0,0,0
2021-07-30,0,1,3,0,1,13,3,0,0,0,5,1,0,3,4,0,0,0,0,0,0
2021-07-31,0,0,9,0,1,23,4,0,0,0,1,0,0,2,9,0,0,0,0,0,0
2021-08-01,0,0,5,0,1,25,6,0,0,0,3,0,0,1,2,0,0,0,0,0,0
2021-08-02,0,0,3,0,1,11,6,0,0,0,2,0,0,3,3,0,0,0,0,0,0
2021-08-03,0,0,6,0,1,19,8,0,0,0,10,0,0,4,2,1,0,0,0,0,0
2021-08-04,0,0,7,0,0,13,4,0,0,0,13,0,0,6,5,0,0,0,0,0,0
2021-08-05,0,0,5,0,2,25,7,0,0,0,7,0,0,1,7,0,0,0,0,0,0
2021-08-06,0,0,3,0,1,10,6,0,0,0,7,0,0,2,5,1,1,0,0,0,0
2021-08-07,0,0,5,0,0,14,3,0,0,0,6,0,0,1,2,0,0,0,0,0,0
2021-08-08,0,0,9,0,0,16,6,0,0,0,4,1,0,0,1,1,0,0,0,0,0
2021-08-09,0,0,10,0,0,15,10,0,0,0,10,0,0,2,5,0,0,0,0,0,0
2021-08-10,0,0,33,0,0,12,16,0,0,0,5,0,0,3,1,0,0,0,0,0,0
2021-08-11,0,0,19,0,1,13,12,0,0,0,6,0,0,2,4,1,0,0,0,0,0
2021-08-12,0,1,15,0,3,18,12,0,0,0,5,0,0,3,8,0,0,0,0,0,0
2021-08-13,0,0,5,0,2,18,15,0,0,0,7,0,0,4,5,0,0,0,0,0,0
2021-08-14,0,0,4,0,0,17,6,0,0,0,9,0,0,3,5,0,0,0,0,0,0
2021-08-15,0,0,15,0,0,8,4,0,0,0,4,0,0,10,6,0,1,0,0,0,0
2021-08-16,0,0,4,0,0,10,4,0,0,0,4,0,0,2,10,0,0,0,0,0,0
2021-08-17,0,0,3,0,1,14,7,0,0,0,5,1,0,0,21,0,0,0,0,0,0
2021-08-18,0,0,8,0,1,15,2,0,0,0,8,0,0,2,7,0,0,0,0,0,0
2021-08-19,0,0,5,0,3,17,3,0,0,0,8,0,0,0,5,0,0,0,0,0,0
2021-08-20,0,0,4,0,2,13,7,0,0,0,4,0,0,4,8,0,0,0,0,0,0
2021-08-21,0,0,3,0,1,18,7,0,0,0,4,0,0,0,3,0,0,0,0,0,0
2021-08-22,0,0,8,0,0,13,5,0,0,0,7,0,0,4,2,0,0,0,0,0,0
2021-08-23,0,0,9,0,1,16,9,0,0,0,5,1,0,2,0,1,0,0,0,0,0
2021-08-24,0,0,2,0,6,10,4,0,0,0,5,0,0,1,4,0,0,0,0,0,0
2021-08-25,0,0,5,0,3,15,17,0,0,0,9,0,0,0,5,0,0,0,0,0,0
2021-08-26,0,0,3,0,2,15,10,0,0,0,8,0,0,9,4,0,0,0,0,0,0
2021-08-27,0,0,4,0,2,14,10,0,0,0,5,0,0,0,3,0,0,0,0,0,0
2021-08-28,0,1,3,0,0,39,6,0,0,0,7,1,0,0,3,0,0,0,0,0,0
2021-08-29,0,0,3,0,1,17,5,0,0,0,3,0,0,2,1,0,0,0,0,0,0
2021-08-30,0,0,6,0,1,26,7,0,0,0,8,0,0,0,2,0,0,0,0,0,0
2021-08-31,0,0,3,0,1,14,12,0,0,0,3,0,0,1,3,0,0,0,0,0,0
2021-09-01,0,0,6,0,0,7,13,0,0,0,9,0,0,3,2,1,0,0,0,0,0
2021-09-02,0,0,2,0,1,15,1,0,0,0,10,0,0,0,3,0,0,0,0,0,0
2021-09-03,0,0,2,0,0,11,5,0,0,0,4,0,0,1,2,0,1,0,0,0,0
2021-09-04,0,0,4,0,0,8,3,0,0,0,1,0,0,0,0,0,0,0,0,0,0
2021-09-05,0,0,11,0,1,7,2,0,0,0,4,0,0,0,4,0,0,0,0,0,0
2021-09-06,0,0,7,0,0,14,8,0,0,0,4,0,0,2,2,0,0,0,0,0,0
2021-09-07,0,0,4,0,1,13,3,0,0,0,10,1,0,2,1,0,0,0,0,0,0
2021-09-08,0,0,6,0,2,13,4,0,0,0,8,0,0,5,2,0,0,0,0,0,0
2021-09-09,0,0,4,0,5,11,11,0,0,0,9,0,0,0,2,0,1,0,0,0,0
2021-09-10,0,0,4,0,0,5,4,0,0,0,2,0,0,1,4,0,0,0,0,0,0
2021-09-11,0,0,1,0,0,7,1,0,0,0,4,0,0,2,1,0,0,0,0,0,0
2021-09-12,0,0,2,0,0,6,6,0,0,0,2,0,0,1,5,0,0,0,0,0,0
2021-09-13,0,0,3,0,0,12,8,0,0,0,4,0,0,2,3,0,0,0,0,0,0
2021-09-14,0,0,7,0,0,6,5,0,0,0,0,0,0,2,4,1,0,0,0,0,0
2021-09-15,0,0,5,0,1,9,7,0,0,0,5,1,0,1,3,0,0,0,0,0,0
2021-09-16,0,0,6,0,1,11,5,0,0,0,3,0,0,0,0,0,0,0,0,0,0
2021-09-17,0,0,3,0,0,7,4,0,0,0,1,0,0,5,3,0,0,0,0,0,0
2021-09-18,0,0,5,0,0,2,4,0,0,0,2,0,0,1,0,0,0,0,0,0,0
2021-09-19,0,0,4,0,0,3,1,0,0,0,2,0,0,3,2,0,0,0,0,0,0
2021-09-20,0,0,9,0,0,4,4,0,0,0,2,0,0,1,3,0,0,0,0,0,0
2021-09-21,0,0,3,0,2,9,9,0,0,0,5,0,0,1,6,0,0,0,0,0,0
2021-09-22,0,0,6,0,1,6,10,0,0,0,8,0,0,0,8,0,0,0,0,0,0
2021-09-23,0,0,12,0,0,26,4,0,0,0,7,0,0,1,5,0,0,0,0,0,0
2021-09-24,0,0,5,0,2,20,5,0,0,0,3,0,0,5,2,0,0,0,0,0,0
2021-09-25,0,0,11,0,0,6,1,0,0,0,6,0,0,1,5,0,0,0,0,0,0
2021-09-26,0,0,12,0,2,6,1,0,0,0,5,0,0,2,0,0,0,0,0,0,0
2021-09-27,0,0,7,0,0,6,4,0,0,0,3,0,0,0,1,0,0,0,0,0,0
2021-09-28,0,0,10,0,0,5,4,0,0,0,2,0,0,1,3,0,0,0,0,0,0
2021-09-29,0,0,6,0,0,6,12,0,0,0,7,0,0,0,3,0,0,0,0,0,0
2021-09-30,0,0,4,0,0,4,11,0,0,0,4,0,0,1,2,2,0,0,0,0,0
2021-10-01,0,0,7,0,0,8,8,0,0,0,7,0,0,0,4,1,0,0,0,0,0
2021-10-02,0,0,1,0,1,4,7,0,0,0,2,0,0,1,3,0,0,0,0,0,0
2021-10-03,0,0,5,0,0,4,5,0,0,0,1,0,0,0,0,0,0,0,0,0,0
2021-10-04,0,0,10,0,1,16,9,0,0,0,8,0,0,1,10,0,0,0,0,0,0
2021-10-05,0,0,4,0,1,9,11,0,0,0,5,0,0,0,6,0,0,0,0,0,0
2021-10-06,0,0,2,0,0,6,3,0,0,0,6,0,0,1,1,0,0,0,0,0,0
2021-10-07,0,0,5,0,0,11,5,0,0,0,5,1,0,1,1,1,0,0,0,0,0
2021-10-08,0,0,2,0,0,11,3,0,0,0,0,0,0,1,6,0,0,0,0,0,0
2021-10-09,0,0,0,0,1,3,3,0,0,0,1,0,0,0,2,0,0,0,0,0,0
2021-10-10,0,0,2,0,0,3,0,0,0,0,83,0,0,2,1,0,0,0,0,0,0
2021-10-11,0,0,6,1,1,8,7,0,0,0,2,0,0,0,2,1,0,0,0,0,0
2021-10-12,0,0,7,0,1,9,8,0,0,0,7,0,0,2,1,0,0,0,0,0,0
2021-10-13,0,0,8,0,0,8,3,0,0,0,5,0,0,1,1,0,0,0,0,0,0
2021-10-14,0,0,13,0,0,3,1,0,0,0,7,0,0,0,1,0,0,0,0,0,0
2021-10-15,0,0,3,0,1,5,5,0,0,0,9,1,0,2,5,0,0,0,0,0,0
2021-10-16,0,0,3,0,0,3,4,0,0,0,4,0,0,0,1,0,1,0,0,0,0
2021-10-17,0,0,1,0,1,5,3,0,0,0,4,0,0,2,0,0,0,0,0,0,0
2021-10-18,0,0,3,0,4,5,6,0,0,0,2,1,0,1,1,0,0,0,0,0,0
2021-10-19,0,0,3,0,0,5,2,0,0,0,8,1,0,2,3,0,0,0,0,0,0
2021-10-20,0,0,3,0,2,9,5,0,0,0,7,0,0,0,2,1,0,0,0,0,0
2021-10-21,0,0,4,0,0,9,4,0,0,0,6,0,0,1,5,0,0,0,0,0,0
2021-10-22,0,0,4,0,0,2,2,0,0,0,3,0,0,1,1,0,0,0,0,0,0
2021-10-23,0,0,4,0,0,14,4,0,0,0,2,0,0,1,4,0,0,0,0,0,0
2021-10-24,0,0,2,0,1,8,5,0,0,0,4,0,0,2,0,0,0,0,0,0,0
2021-10-25,0,0,10,0,0,5,4,0,0,0,6,0,0,0,6,0,0,0,0,0,0
2021-10-26,0,0,5,0,1,8,2,0,0,0,9,0,0,2,4,0,0,0,0,0,0
2021-10-27,0,0,4,0,0,9,2,0,0,0,3,0,0,3,4,0,0,0,0,0,0
2021-10-28,0,0,1,0,1,5,4,0,0,0,3,0,0,0,2,0,0,0,0,0,0
2021-10-29,0,0,5,0,0,5,9,0,0,0,2,0,0,0,4,0,0,0,0,0,0
2021-10-30,0,0,4,0,0,6,9,0,0,0,2,0,0,1,1,0,0,0,0,0,0
2021-10-31,0,0,1,0,0,3,2,0,0,0,1,0,0,0,1,0,0,0,0,0,0
2021-11-01,0,0,2,0,1,5,7,0,0,0,142,2,0,2,2,0,0,0,0,0,0
2021-11-02,0,0,5,0,0,4,15,0,0,0,3,1,0,2,3,0,0,0,0,0,0
2021-11-03,0,0,6,0,0,7,15,0,0,0,10,0,0,1,5,0,0,0,0,0,0
2021-11-04,0,0,4,0,1,7,15,0,0,0,4,0,0,1,15,0,0,0,0,0,0
2021-11-05,0,0,6,0,0,5,11,0,0,0,4,0,0,2,8,1,0,0,0,0,0
2021-11-06,0,0,6,1,0,5,4,0,0,0,6,0,0,0,10,0,0,0,0,0,0
2021-11-07,0,0,1,0,0,10,7,0,0,0,4,0,0,3,1,0,0,0,0,0,0
2021-11-08,0,0,6,0,0,7,15,0,0,0,7,0,0,0,3,0,0,0,0,0,0
2021-11-09,0,0,6,0,2,6,8,0,0,0,3,0,0,2,11,0,0,0,0,0,0
2021-11-10,0,0,2,0,1,7,11,0,0,0,5,1,0,3,3,0,0,0,0,0,0
2021-11-11,0,0,24,0,0,10,12,0,0,0,3,0,0,0,8,0,0,0,0,0,0
2021-11-12,0,0,33,0,1,6,11,0,0,0,5,0,0,0,1,0,0,0,0,0,0
2021-11-13,0,0,22,0,1,7,7,0,0,0,5,0,0,0,2,0,0,0,0,0,0
2021-11-14,0,0,7,0,1,5,6,0,0,0,5,0,0,8,3,0,0,0,0,0,0
2021-11-15,0,0,15,0,0,6,10,0,0,0,2,0,0,0,1,0,0,0,0,0,0
2021-11-16,0,0,25,0,0,7,15,0,0,0,1,0,0,0,2,0,0,0,0,0,0
2021-11-17,0,0,13,0,0,8,13,0,0,0,8,0,0,4,4,0,0,0,0,0,0
2021-11-18,0,0,8,0,1,9,9,0,0,0,5,0,0,3,3,0,0,0,0,0,0
2021-11-19,0,0,9,0,2,7,11,0,0,0,10,0,0,0,1,0,0,0,0,0,0
2021-11-20,0,0,11,0,1,13,7,0,0,0,2,0,0,3,6,0,0,0,0,0,0
2021-11-21,0,0,6,0,1,13,2,0,0,0,4,0,0,1,1,0,0,0,0,0,0
2021-11-22,0,0,9,0,1,16,4,0,0,0,3,0,0,3,3,0,0,0,0,0,0
2021-11-23,0,0,13,0,1,9,9,0,0,0,3,0,0,2,0,0,0,0,0,0,0
2021-11-24,0,0,10,0,1,16,10,0,0,0,6,0,0,1,3,0,0,0,0,0,0
2021-11-25,0,0,10,0,4,14,6,0,0,0,5,0,0,4,0,0,0,0,0,0,0
2021-11-26,0,0,8,0,0,6,5,0,0,0,5,0,0,1,5,0,0,0,0,0,0
2021-11-27,0,0,3,0,3,12,7,0,0,0,5,0,0,0,3,1,0,0,0,0,0
2021-11-28,0,0,3,0,0,8,7,0,0,0,8,0,0,2,2,0,0,0,0,0,0
2021-11-29,0,0,4,0,2,16,0,0,0,0,1,0,0,1,4,0,0,0,0,0,0
2021-11-30,0,0,5,0,1,14,6,0,0,0,4,0,0,0,0,0,0,0,0,0,0
2021-12-01,0,0,2,0,0,10,3,0,0,0,6,1,0,2,0,0,0,0,0,0,0
2021-12-02,0,0,4,0,1,12,2,0,0,0,4,0,0,4,5,0,0,0,0,0,0
2021-12-03,0,0,12,0,3,12,7,0,0,0,21,1,0,4,2,0,0,0,0,0,0
2021-12-04,0,0,4,0,2,18,5,0,0,0,25,0,0,1,4,0,0,0,0,0,0
2021-12-05,0,0,5,0,5,23,2,0,0,0,16,0,0,2,1,0,0,0,0,0,0
2021-12-06,0,0,3,0,0,14,5,0,0,0,3,0,0,1,1,0,0,0,0,0,0
2021-12-07,0,0,4,0,1,7,2,0,0,0,6,0,0,4,5,0,0,0,0,0,0
2021-12-08,0,0,5,0,1,16,15,0,0,0,2,0,0,4,4,1,0,0,0,0,0
2021-12-09,0,0,20,0,0,10,8,0,0,0,7,0,0,6,4,0,0,0,0,0,0
2021-12-10,0,0,12,0,0,7,9,0,0,0,14,0,0,5,4,0,0,0,0,0,0
2021-12-11,0,0,2,0,0,10,8,0,0,0,8,0,0,3,2,0,0,0,0,0,0
2021-12-12,0,0,2,0,1,9,5,0,0,0,2,0,0,1,1,0,0,0,0,0,0
2021-12-13,0,0,9,0,1,17,10,0,0,0,5,0,0,4,6,0,0,0,0,0,0
2021-12-14,0,0,11,0,0,48,7,0,0,0,11,0,0,3,3,0,0,0,0,0,0
2021-12-15,0,0,2,0,2,32,6,0,0,0,5,0,0,2,1,0,0,0,0,0,0
2021-12-16,0,0,7,0,3,22,7,0,0,0,4,0,0,2,5,0,0,0,0,0,0
2021-12-17,0,0,8,0,1,15,7,0,0,0,5,0,0,3,2,0,0,0,0,0,0
2021-12-18,0,0,5,0,1,30,8,0,0,0,4,0,0,2,3,0,1,0,0,0,0
2021-12-19,0,0,9,0,2,18,8,0,0,0,4,0,0,1,3,0,0,0,0,0,0
2021-12-20,0,0,15,0,1,23,4,0,0,0,5,0,0,2,3,0,0,0,0,0,0
2021-12-21,0,0,6,0,0,17,7,0,0,0,6,0,0,4,2,0,0,0,0,0,0
2021-12-22,0,0,3,0,1,10,3,0,0,0,8,0,0,4,3,0,0,0,0,0,0
2021-12-23,0,0,5,0,0,15,7,0,0,0,9,1,0,0,4,0,0,0,0,0,0
2021-12-24,0,0,0,0,0,9,7,0,0,0,3,0,0,1,2,0,0,0,0,0,0
2021-12-25,0,0,13,0,0,13,4,0,0,0,1,0,0,4,1,0,0,0,0,0,0
2021-12-26,0,0,7,0,1,12,1,0,0,0,5,0,0,0,3,1,0,0,0,0,0
2021-12-27,0,0,5,0,1,25,6,0,0,0,8,0,0,1,2,0,0,0,0,0,0
2021-12-28,0,0,7,0,0,14,5,0,0,0,11,0,0,0,2,0,0,0,0,0,0
2021-12-29,0,0,5,0,0,18,3,0,0,0,7,0,0,0,2,0,0,0,0,0,0
2021-12-30,0,0,5,1,0,14,3,0,0,0,4,0,0,1,1,0,0,0,0,0,0
2021-12-31,0,0,10,0,2,14,2,0,0,0,3,0,0,1,3,0,0,0,0,0,0
2022-01-01,0,0,9,0,1,4,7,0,0,0,5,0,0,1,4,0,0,0,0,0,0
2022-01-02,0,0,3,0,0,9,7,0,0,0,8,0,0,2,4,0,0,0,0,0,0
2022-01-03,0,0,5,0,1,10,3,0,0,0,5,1,0,3,3,0,0,0,0,0,0
2022-01-04,0,0,9,0,1,22,3,0,0,0,8,0,0,3,5,0,0,0,0,0,0
2022-01-05,0,0,1,0,2,20,3,0,0,0,12,0,0,5,2,0,0,0,0,0,0
2022-01-06,0,0,10,0,1,24,16,0,0,0,5,0,0,0,6,0,0,0,0,0,0
2022-01-07,0,0,13,0,4,17,6,0,0,0,6,0,0,2,11,1,0,0,0,0,0
2022-01-08,0,0,10,1,4,16,4,0,0,0,7,1,0,2,0,0,0,0,0,0,0
2022-01-09,0,0,7,0,7,62,6,0,0,0,4,0,0,2,6,0,0,0,0,0,0
2022-01-10,0,0,4,0,0,19,2,0,0,0,5,0,0,1,6,0,0,0,0,0,0
2022-01-11,0,0,7,0,1,9,2,0,0,0,7,0,0,2,2,0,0,0,0,0,0
2022-01-12,0,0,3,0,1,14,6,0,0,0,7,0,0,0,7,3,0,0,0,0,0
2022-01-13,0,0,8,0,2,14,4,0,0,0,7,0,0,6,3,0,0,0,0,0,0
2022-01-14,0,0,10,0,0,17,5,0,0,0,8,0,0,1,2,0,0,0,0,0,0
2022-01-15,0,0,4,0,1,14,2,0,0,0,8,0,0,2,6,0,0,0,0,0,0
2022-01-16,0,0,14,0,0,6,13,0,0,0,13,0,0,1,4,0,0,0,0,0,0
2022-01-17,0,0,20,0,1,18,7,0,0,0,6,0,0,7,4,0,0,0,0,0,0
2022-01-18,0,0,11,0,4,19,2,0,0,0,6,1,0,3,6,0,0,0,0,0,0
2022-01-19,0,0,5,0,1,27,7,0,0,0,11,0,0,1,5,0,0,0,0,0,0
2022-01-20,0,0,5,0,1,20,3,0,0,0,3,0,0,0,7,3,0,0,0,0,0
2022-01-21,0,0,5,0,0,20,4,0,0,0,3,0,0,4,0,0,0,0,0,0,0
2022-01-22,0,0,7,0,0,14,3,0,0,0,7,0,0,2,3,0,0,0,0,0,0
2022-01-23,0,0,9,0,0,5,1,0,0,0,3,0,0,2,5,0,0,0,0,0,0
2022-01-24,0,0,7,0,1,13,4,0,0,0,6,0,0,2,4,0,0,0,0,0,0
2022-01-25,0,0,7,0,2,7,6,0,0,0,3,0,0,4,5,0,1,0,0,0,0
2022-01-26,0,0,6,0,1,12,0,0,0,0,4,0,0,0,5,0,0,0,0,0,0
2022-01-27,0,0,8,0,2,9,3,0,0,0,3,0,0,5,6,0,0,0,0,0,0
2022-01-28,0,0,2,0,0,20,4,0,0,0,4,1,0,5,4,4,0,0,0,0,0
2022-01-29,0,0,2,0,0,7,4,0,0,0,5,0,0,2,3,1,0,0,0,0,0
2022-01-30,0,0,5,0,0,8,2,0,0,0,3,0,0,0,5,1,0,0,0,0,0
2022-01-31,0,0,2,0,0,18,10,0,0,0,8,1,0,6,1,0,0,0,0,0,0
2022-02-01,0,0,12,0,1,7,5,0,0,0,4,1,0,2,5,0,0,0,0,0,0
2022-02-02,0,0,5,0,0,5,6,0,0,0,10,0,0,2,16,0,0,0,0,0,0
2022-02-03,0,0,5,0,0,9,9,0,0,0,4,0,0,9,2,1,0,0,0,0,0
2022-02-04,0,0,3,0,1,5,5,0,0,0,13,0,0,2,2,0,0,0,0,0,0
2022-02-05,0,0,0,0,0,10,5,0,0,0,4,0,0,0,2,0,0,0,0,0,0
2022-02-06,0,0,8,0,0,9,3,0,0,0,3,0,0,4,1,0,0,0,0,0,0
2022-02-07,0,0,8,0,0,11,4,0,0,0,1,0,0,5,3,0,0,0,0,0,0
2022-02-08,0,0,19,0,1,9,6,0,0,0,5,0,0,2,8,0,0,0,0,0,0
2022-02-09,0,0,18,0,0,15,1,0,0,0,6,0,0,2,3,0,0,0,0,0,0
2022-02-10,0,0,12,0,1,14,1,0,0,0,3,0,0,3,2,0,0,0,0,0,0
2022-02-11,0,0,19,0,0,14,10,0,0,0,3,0,0,1,3,0,0,0,0,0,0
2022-02-12,0,0,19,0,0,6,7,0,0,0,3,0,0,0,3,0,0,0,0,0,0
2022-02-13,0,0,6,0,0,9,4,0,0,0,4,0,0,8,3,0,0,0,0,0,0
2022-02-14,0,0,11,0,0,10,1,0,0,0,3,0,0,5,2,0,0,0,0,0,0
2022-02-15,0,0,5,0,0,9,7,0,0,0,6,0,0,2,3,0,0,0,0,0,0
2022-02-16,0,0,9,0,0,15,3,0,0,0,5,1,0,4,3,0,0,0,0,0,0
2022-02-17,0,0,4,0,0,9,1,0,0,0,2,0,0,1,1,0,0,0,0,0,0
2022-02-18,0,0,9,0,1,13,4,0,0,0,5,0,0,1,2,0,0,0,0,0,0
2022-02-19,0,0,0,0,0,9,9,0,0,0,0,1,0,1,1,0,0,0,0,0,0
2022-02-20,0,0,4,0,0,3,9,0,0,0,1,0,0,2,4,0,0,0,0,0,0
2022-02-21,0,0,8,0,0,6,4,0,0,0,6,0,0,0,3,0,0,0,0,0,0
2022-02-22,0,0,5,0,1,10,5,0,0,0,2,0,0,1,2,0,0,0,0,0,0
2022-02-23,0,0,6,0,0,4,7,0,0,0,3,0,0,1,4,0,0,0,0,0,0
2022-02-24,0,0,1,0,0,5,2,0,0,0,4,0,0,1,3,0,0,0,0,0,0
2022-02-25,0,0,2,0,1,7,2,0,0,0,1,0,0,3,0,0,0,0,0,0,0
2022-02-26,0,0,2,0,1,6,1,0,0,0,5,0,0,0,0,0,0,0,0,0,0
2022-02-27,0,0,4,0,0,8,0,0,0,0,3,0,0,0,3,0,0,0,0,0,0
2022-02-28,0,0,1,0,3,11,3,0,0,0,3,0,0,0,2,0,0,0,0,0,0
2022-03-01,0,0,3,0,1,6,3,0,0,0,2,0,0,2,2,0,0,0,0,0,0
2022-03-02,0,0,4,0,1,8,0,0,0,0,5,0,0,1,0,0,0,0,0,0,0
2022-03-03,0,0,8,0,1,11,3,0,0,0,2,0,0,0,3,0,0,0,0,0,0
2022-03-04,0,0,9,0,0,10,1,0,0,0,3,0,0,0,3,0,0,0,0,0,0
2022-03-05,0,0,2,0,1,5,2,0,0,0,1,0,0,0,0,0,0,0,0,0,0
2022-03-06,0,0,7,0,1,9,1,0,0,0,2,0,0,0,1,0,0,0,0,0,0
2022-03-07,0,0,6,0,0,4,0,0,0,0,5,0,0,0,2,0,0,0,0,0,0
2022-03-08,0,0,3,0,0,7,2,0,0,0,1,0,0,2,2,0,0,0,0,0,0
2022-03-09,0,0,4,0,0,6,2,0,0,0,3,0,0,0,2,0,0,0,0,0,0
2022-03-10,0,0,5,0,0,5,2,0,0,0,5,1,0,1,2,1,0,0,0,0,0
2022-03-11,0,0,3,0,0,9,3,0,0,0,1,0,0,0,4,0,0,0,0,0,0
2022-03-12,0,0,5,0,0,9,2,0,0,0,5,0,0,0,0,0,0,0,0,0,0
2022-03-13,0,0,2,0,0,5,1,0,0,0,8,0,0,0,1,0,0,0,0,0,0
2022-03-14,0,0,3,0,0,5,1,0,0,0,3,0,0,1,7,0,0,0,0,0,0
2022-03-15,0,0,9,0,0,11,1,0,0,0,1,0,0,5,1,0,0,0,0,0,0
2022-03-16,0,0,1,0,0,8,3,0,0,0,3,0,0,1,2,0,0,0,0,0,0
2022-03-17,0,0,0,0,0,7,2,0,0,0,5,0,0,0,2,0,0,0,0,0,0
2022-03-18,0,0,2,0,0,6,1,0,0,0,3,0,0,0,3,0,0,0,0,0,0
2022-03-19,0,0,2,0,0,5,1,0,0,0,2,0,0,1,0,0,0,0,0,0,0
2022-03-20,0,0,0,0,0,7,1,0,0,0,3,0,0,2,0,1,0,0,0,0,0
2022-03-21,0,0,2,0,0,9,0,0,0,0,1,0,0,2,1,0,0,0,0,0,0
2022-03-22,0,0,6,0,1,4,2,0,0,0,2,0,0,1,3,0,0,0,0,0,0
2022-03-23,0,0,4,0,0,23,1,0,0,0,4,0,0,2,1,0,0,0,0,0,0
2022-03-24,0,0,7,0,1,59,2,0,0,0,3,2,0,3,0,0,0,0,0,0,0
2022-03-25,0,0,1,0,1,29,1,0,0,0,1,0,0,0,3,0,0,0,0,0,0
2022-03-26,0,0,4,0,1,42,4,0,0,0,2,0,0,1,0,0,0,0,0,0,0
2022-03-27,0,0,2,0,0,17,4,0,0,0,0,0,0,1,1,0,0,0,0,0,0
2022-03-28,0,0,3,0,0,9,2,0,0,0,3,0,0,1,0,0,0,0,0,0,0
2022-03-29,0,0,5,0,1,22,2,0,0,0,2,0,0,1,2,0,0,0,0,0,0
2022-03-30,0,0,5,0,1,16,1,0,0,0,1,0,0,0,1,0,0,0,0,0,0
2022-03-31,0,0,5,0,0,7,2,0,0,0,5,0,0,0,2,1,0,0,0,0,0
2022-04-01,0,0,2,0,0,12,3,0,0,0,1,0,0,0,6,0,0,0,0,0,0
2022-04-02,0,0,2,0,0,9,5,0,0,0,1,0,0,0,1,1,0,0,0,0,0
2022-04-03,0,0,0,0,0,6,1,0,0,0,2,0,0,4,0,1,0,0,0,0,0
2022-04-04,0,0,7,1,0,6,3,0,0,0,9,0,0,2,3,0,0,0,0,0,0
2022-04-05,0,0,8,0,0,13,3,0,0,0,5,0,0,2,0,0,0,0,0,0,0
2022-04-06,0,0,6,0,0,14,3,0,0,0,5,0,0,0,0,0,0,0,0,0,0
2022-04-07,0,0,4,0,1,6,6,0,0,0,2,0,0,3,3,0,0,0,0,0,0
2022-04-08,0,0,2,0,0,6,3,0,0,0,5,0,0,2,3,0,0,0,0,0,0
2022-04-09,0,0,4,0,0,5,1,0,0,0,3,0,0,1,0,0,1,0,0,0,0
2022-04-10,0,0,6,0,0,6,3,0,0,0,1,0,0,3,0,0,0,0,0,0,0
2022-04-11,0,0,5,0,0,11,3,0,0,0,3,0,0,3,1,0,0,0,0,0,0
2022-04-12,0,0,5,0,0,11,1,0,0,0,1,0,0,2,0,0,0,0,0,0,0
2022-04-13,0,0,5,0,0,5,1,0,0,0,3,0,0,0,3,0,0,0,0,0,0
2022-04-14,0,0,2,0,0,9,2,0,0,0,1,0,0,0,1,0,0,0,0,0,0
2022-04-15,0,0,1,0,0,13,0,0,0,0,0,0,0,0,1,1,0,0,0,0,0
2022-04-16,0,0,1,0,0,7,27,0,0,0,2,0,0,0,5,0,0,0,0,0,0
2022-04-17,0,0,5,0,0,5,2,0,0,0,1,0,0,0,1,0,0,0,0,0,0
2022-04-18,0,0,2,0,2,4,1,0,0,0,0,0,0,2,0,0,1,0,0,0,0
2022-04-19,0,0,2,0,2,4,2,0,0,0,1,0,0,0,0,2,0,0,0,0,0
2022-04-20,0,0,4,0,0,7,1,0,0,0,3,0,0,0,1,0,0,0,0,0,0
2022-04-21,0,0,5,0,0,9,0,0,0,0,2,0,0,0,1,0,0,0,0,0,0
2022-04-22,0,0,1,0,1,13,1,0,0,0,3,0,0,1,0,0,0,0,0,0,0
2022-04-23,0,0,14,0,1,10,0,0,0,0,4,0,0,1,2,0,0,0,0,0,0
2022-04-24,0,0,2,0,0,2,2,0,0,0,0,0,0,0,1,0,0,0,0,0,0
2022-04-25,0,0,6,0,0,8,3,0,0,0,1,0,0,2,4,0,0,0,0,0,0
2022-04-26,0,0,6,0,7,24,0,0,0,0,3,1,0,1,2,0,0,0,0,0,0
2022-04-27,0,0,12,0,0,15,1,0,0,0,1,0,0,3,0,0,0,0,0,0,0
2022-04-28,0,0,9,0,0,11,3,0,0,0,4,0,0,0,3,0,0,0,0,0,0
2022-04-29,0,0,1,0,0,4,2,0,0,0,3,0,0,3,0,0,0,0,0,0,0
2022-04-30,0,0,1,0,0,6,2,0,0,0,2,0,0,0,0,0,0,0,0,0,0
2022-05-01,0,0,11,0,0,4,3,0,0,0,2,0,0,0,0,0,0,0,0,0,0
2022-05-02,0,0,13,0,0,13,1,0,0,0,3,0,0,3,1,0,0,0,0,0,0
2022-05-03,0,0,3,0,0,15,1,0,0,0,7,0,0,3,1,0,0,0,0,0,0
2022-05-04,0,0,4,0,0,8,2,0,0,0,2,0,0,0,0,1,0,0,0,0,0
2022-05-05,0,0,1,0,0,7,4,0,0,0,5,1,0,1,1,1,0,0,0,0,0
2022-05-06,0,0,1,0,0,3,1,0,0,0,3,0,0,2,2,0,0,0,0,0,0
2022-05-07,0,0,3,0,0,3,0,0,0,0,2,0,0,1,1,0,0,0,0,0,0
2022-05-08,0,0,2,0,0,4,1,0,0,0,2,0,0,3,1,0,0,0,0,0,0
2022-05-09,0,0,3,0,0,7,1,0,0,0,3,0,0,1,1,0,0,0,0,0,0
2022-05-10,0,0,0,0,0,7,0,0,0,0,68,0,0,0,1,0,0,0,0,0,0
2022-05-11,0,0,1,0,0,6,0,0,0,0,7,0,0,3,2,0,0,0,0,0,0
2022-05-12,0,0,1,0,2,7,3,0,0,0,3,0,0,0,2,0,0,0,0,0,0
2022-05-13,0,0,5,0,0,11,5,0,0,0,3,0,0,2,5,0,0,0,0,0,0
2022-05-14,0,0,5,0,0,8,4,0,0,0,3,0,0,0,1,0,0,0,0,0,0
2022-05-15,0,0,2,0,0,12,1,0,0,0,1,0,0,1,0,0,0,0,0,0,0
2022-05-16,0,0,4,0,0,1,2,0,0,0,6,0,0,1,3,0,0,0,0,0,0
2022-05-17,0,0,3,0,0,6,2,0,0,0,4,0,0,0,0,0,0,0,0,0,0
2022-05-18,0,0,4,0,0,6,3,0,0,0,4,0,0,1,1,0,0,0,0,0,0
2022-05-19,0,0,4,0,2,6,1,0,0,0,3,0,0,0,5,0,0,0,0,0,0
2022-05-20,0,0,3,0,1,13,1,0,0,0,2,0,0,2,1,0,0,0,0,0,0
2022-05-21,0,0,4,0,0,12,1,0,0,0,2,0,0,0,1,0,0,0,0,0,0
2022-05-22,0,0,1,0,0,7,1,0,0,0,1,0,0,0,2,0,0,0,0,0,0
2022-05-23,0,0,4,0,2,4,1,0,0,0,1,0,0,2,2,0,0,0,0,0,0
2022-05-24,0,0,4,0,0,15,2,0,0,0,2,0,0,2,2,0,0,0,0,0,0
2022-05-25,0,0,1,0,0,9,3,0,0,0,2,0,0,0,1,0,0,0,0,0,0
2022-05-26,0,0,3,0,1,10,1,0,0,0,0,0,0,1,2,0,0,0,0,0,0
2022-05-27,0,0,2,0,0,9,1,0,0,0,0,0,0,0,1,0,0,0,0,0,0
2022-05-28,0,0,1,0,0,5,0,0,0,0,3,0,0,0,2,0,0,0,0,0,0
2022-05-29,0,0,3,0,0,5,1,0,0,0,2,0,0,1,0,0,0,0,0,0,0
2022-05-30,0,0,3,0,1,8,1,0,0,0,0,0,0,1,0,0,0,0,0,0,0
2022-05-31,0,0,0,0,0,8,0,0,0,0,1,0,0,0,0,0,0,0,0,0,0
2022-06-01,0,0,4,0,0,5,0,0,0,0,1,0,0,0,3,0,0,0,0,0,0
2022-06-02,0,0,4,0,0,12,2,0,0,0,1,0,0,4,1,0,0,0,0,0,0
2022-06-03,0,0,3,0,1,11,1,0,0,0,1,0,0,3,0,0,0,0,0,0,0
2022-06-04,0,0,1,0,0,2,1,0,0,0,0,0,0,1,1,0,0,0,0,0,0
2022-06-05,0,0,6,0,0,3,5,0,0,0,3,0,0,1,0,0,1,0,0,0,0
2022-06-06,0,0,6,0,0,7,5,0,0,0,3,0,0,2,0,1,0,0,0,0,0
2022-06-07,0,0,2,0,1,5,6,0,0,0,4,0,0,1,1,0,0,0,0,0,0
2022-06-08,0,0,3,0,0,6,9,0,0,0,3,0,0,4,0,0,0,0,0,0,0
2022-06-09,0,0,2,0,7,4,2,0,0,0,0,0,0,1,3,0,0,0,0,0,0
2022-06-10,0,0,2,0,0,4,3,0,0,0,2,0,0,0,2,0,0,0,0,0,0
2022-06-11,0,0,1,0,1,3,2,0,0,0,0,1,0,0,1,0,0,0,0,0,0
2022-06-12,0,0,2,0,0,1,2,0,0,0,0,0,0,4,5,0,0,0,0,0,0
2022-06-13,0,0,4,0,0,5,4,0,0,0,4,0,0,1,0,0,0,0,0,0,0
2022-06-14,0,0,1,0,1,5,3,0,0,0,1,0,0,1,0,0,0,0,0,0,0
2022-06-15,0,0,1,0,0,2,0,0,0,0,1,0,0,1,1,0,0,0,0,0,0
2022-06-16,0,0,4,0,0,8,1,0,0,0,0,1,0,0,1,0,0,0,0,0,0
2022-06-17,0,0,1,2,0,7,3,0,0,0,5,0,0,1,2,0,0,0,0,0,0
2022-06-18,0,0,1,0,0,3,2,0,0,0,1,0,0,2,1,0,0,0,0,0,0
2022-06-19,0,0,1,0,1,2,3,0,0,0,1,0,0,2,1,0,0,0,0,0,0
2022-06-20,0,0,2,0,0,6,2,0,0,0,2,1,0,0,1,0,0,0,0,0,0
2022-06-21,0,0,1,0,0,3,3,0,0,0,6,0,0,1,1,0,0,0,0,0,0
2022-06-22,0,0,3,0,0,3,0,0,0,0,8,0,0,2,1,0,0,0,0,0,0
2022-06-23,0,0,2,0,0,4,3,0,0,0,4,0,0,0,0,0,0,0,0,0,0
2022-06-24,0,0,7,0,1,1,3,0,0,0,2,0,0,0,1,0,0,0,0,0,0
2022-06-25,0,0,1,0,1,3,2,0,0,0,3,0,0,1,1,0,0,0,0,0,0
2022-06-26,0,0,6,0,1,6,0,0,0,0,0,0,0,1,2,0,0,0,0,0,0
2022-06-27,0,0,1,0,0,4,2,0,0,0,3,0,0,3,23,0,0,0,0,0,0
2022-06-28,0,0,4,0,0,3,4,0,0,0,1,0,0,1,3,0,0,0,0,0,0
2022-06-29,0,0,2,0,0,5,1,0,0,0,2,0,0,0,4,0,0,0,0,0,0
2022-06-30,0,0,3,0,0,5,0,0,0,0,0,0,0,0,0,0,0,0,0,0,0
2022-07-01,0,0,7,0,0,2,0,0,0,0,7,0,0,0,1,0,0,0,0,0,0
2022-07-02,0,0,4,0,1,15,1,0,0,0,3,0,0,0,2,0,0,0,0,0,0
2022-07-03,0,0,4,0,0,12,0,0,0,0,0,0,0,1,3,0,0,0,0,0,0
2022-07-04,0,0,0,0,0,10,2,0,0,0,3,0,0,4,2,0,0,0,0,0,0
2022-07-05,0,0,2,0,0,8,3,0,0,0,3,0,0,1,2,0,0,0,0,0,0
2022-07-06,0,0,5,0,0,6,0,0,0,0,2,0,0,3,5,0,0,0,0,0,0
2022-07-07,0,0,1,0,0,4,0,0,0,0,3,0,0,2,8,0,0,0,0,0,0
2022-07-08,0,0,1,0,0,6,2,0,0,0,0,0,0,1,2,1,0,0,0,0,0
2022-07-09,0,0,2,0,0,5,2,0,0,0,3,1,0,0,2,0,0,0,0,0,0
2022-07-10,0,0,5,0,0,20,0,0,0,0,0,0,0,2,2,0,0,0,0,0,0
2022-07-11,0,0,2,0,0,13,2,0,0,0,3,0,0,0,3,1,0,0,0,0,0
2022-07-12,0,0,3,0,0,9,1,0,0,0,5,0,0,1,5,0,0,0,0,0,0
2022-07-13,0,0,2,0,0,14,4,0,0,0,1,0,0,0,0,0,0,0,0,0,0
2022-07-14,0,0,3,0,0,4,2,0,0,0,2,0,0,2,2,0,0,0,0,0,0
2022-07-15,0,0,2,0,0,7,1,0,0,0,1,0,0,0,0,0,0,0,0,0,0
2022-07-16,0,0,4,0,0,7,0,0,0,0,1,0,0,1,1,0,0,0,0,0,0
2022-07-17,0,0,3,0,0,6,2,0,0,0,3,1,0,0,2,0,0,0,0,0,0
2022-07-18,0,0,1,0,0,9,1,0,0,0,1,0,0,2,4,0,0,0,0,0,0
2022-07-19,0,0,5,0,1,23,2,0,0,0,2,0,0,1,2,0,0,0,0,0,0
2022-07-20,0,0,3,0,0,37,2,0,0,0,2,0,0,2,2,0,0,0,0,0,0
2022-07-21,0,0,6,0,1,36,0,0,0,0,9,0,0,2,2,0,0,0,0,0,0
2022-07-22,0,0,4,0,1,27,0,0,0,0,8,0,0,1,2,0,0,0,0,0,0
2022-07-23,0,0,5,0,0,15,3,0,0,0,3,2,0,1,1,0,0,0,0,0,0
2022-07-24,0,0,2,0,1,96,4,0,0,0,1,0,0,0,0,0,0,0,0,0,0
2022-07-25,0,0,4,0,0,49,2,0,0,0,1,0,0,2,5,0,0,0,0,0,0
2022-07-26,0,0,2,0,0,28,3,0,0,0,1,0,0,1,1,0,0,0,0,0,0
2022-07-27,0,0,3,0,1,29,3,0,0,0,1,0,0,3,2,0,0,0,0,0,0
2022-07-28,0,0,4,0,0,34,4,0,0,0,0,0,0,15,1,0,0,0,0,0,0
2022-07-29,0,0,3,0,0,16,2,0,0,0,2,1,0,3,1,0,0,0,0,0,0
2022-07-30,0,0,3,0,0,5,5,0,0,0,4,0,0,2,2,0,0,0,0,0,0
2022-07-31,0,0,2,0,2,8,1,0,0,0,4,0,0,1,3,0,0,0,0,0,0
2022-08-01,0,0,6,0,1,9,3,0,0,0,1,0,0,0,2,0,0,0,0,0,0
2022-08-02,0,0,4,0,0,9,2,0,0,0,3,0,0,4,4,0,0,0,0,0,0
2022-08-03,0,0,4,0,0,7,2,0,0,0,1,0,0,0,5,4,0,0,0,0,0
2022-08-04,0,0,4,0,0,4,3,0,0,0,2,1,0,3,3,0,0,0,0,0,0
2022-08-05,0,0,2,0,0,6,6,0,0,0,3,0,0,1,2,0,0,0,0,0,0
2022-08-06,0,0,1,0,1,7,2,0,0,0,2,0,0,1,0,0,0,0,0,0,0
2022-08-07,0,0,3,0,0,4,2,0,0,0,1,0,0,0,4,0,0,0,0,0,0
2022-08-08,0,0,0,0,0,7,1,0,0,0,8,0,0,1,2,0,0,0,0,0,0
2022-08-09,0,0,2,0,0,12,2,0,0,0,9,0,0,0,4,0,0,0,0,0,0
2022-08-10,0,0,3,0,2,15,2,0,0,0,4,0,0,1,4,0,0,0,0,0,0
2022-08-11,0,0,2,0,0,12,4,0,0,0,3,0,0,3,1,0,0,0,0,0,0
2022-08-12,0,0,7,0,0,5,4,0,0,0,4,0,0,1,24,0,0,0,0,0,0
2022-08-13,0,0,5,0,0,22,3,0,0,0,2,0,0,1,15,0,0,0,0,0,0
2022-08-14,0,0,3,0,0,14,3,0,0,0,5,0,0,2,8,0,0,0,0,0,0
2022-08-15,0,0,4,0,1,21,3,0,0,0,4,0,0,1,5,0,0,0,0,0,0
2022-08-16,0,0,2,0,0,8,3,0,0,0,4,0,0,0,2,1,0,0,0,0,0
2022-08-17,0,0,1,0,0,240,1,0,0,0,2,0,0,1,2,0,0,0,0,0,0
2022-08-18,0,0,2,0,0,17,5,0,0,0,4,0,0,2,2,0,0,0,0,0,0
2022-08-19,0,0,1,0,1,15,0,0,0,0,1,0,0,0,2,0,0,0,0,0,0
2022-08-20,0,0,5,0,0,11,4,0,0,0,4,0,0,3,1,0,0,0,0,0,0
2022-08-21,0,0,2,0,0,4,6,0,0,0,0,0,0,1,0,0,0,0,0,0,0
2022-08-22,0,0,5,0,0,10,1,0,0,0,3,0,0,5,0,0,0,0,0,0,0
2022-08-23,0,0,5,0,1,9,0,0,0,0,4,0,0,2,2,0,0,0,0,0,0
2022-08-24,0,0,4,0,0,0,2,0,0,0,2,0,0,0,3,2,0,0,0,0,0
2022-08-25,0,0,1,0,0,19,5,0,0,0,2,0,0,0,2,1,0,0,0,0,0
2022-08-26,0,0,2,0,0,7,2,0,0,0,2,0,0,2,2,0,0,0,0,0,0
2022-08-27,0,0,2,0,0,3,5,0,0,0,3,0,0,5,2,0,0,0,0,0,0
2022-08-28,0,0,3,0,0,6,1,0,0,0,3,1,0,3,3,0,0,0,0,0,0
2022-08-29,0,0,4,0,0,13,0,0,0,0,2,0,0,0,1,0,0,0,0,0,0
2022-08-30,0,0,6,0,0,4,1,0,0,0,4,1,0,2,1,0,0,0,0,0,0
2022-08-31,0,0,3,0,0,15,1,0,0,0,2,0,0,5,0,0,0,0,0,0,0
2022-09-01,0,0,2,0,0,9,3,0,0,0,5,0,0,0,0,0,0,0,0,0,0
2022-09-02,0,0,4,0,0,7,2,0,0,0,7,0,0,1,0,0,0,0,0,0,0
2022-09-03,0,0,2,0,0,4,2,0,0,0,4,0,0,1,2,1,0,0,0,0,0
2022-09-04,0,0,5,0,0,2,1,0,0,0,5,0,0,0,2,0,0,0,0,0,0
2022-09-05,0,0,13,0,1,13,3,0,0,0,1,0,0,2,0,0,0,0,0,0,0
2022-09-06,0,0,6,0,0,5,1,0,0,0,3,0,0,0,1,0,0,0,0,0,0
2022-09-07,0,0,5,0,0,5,2,0,0,0,8,0,0,5,1,0,0,0,0,0,0
2022-09-08,0,0,4,0,0,2,2,0,0,0,11,0,0,0,0,0,0,0,0,0,0
2022-09-09,0,0,4,0,1,6,0,0,0,0,8,0,0,1,0,0,0,0,0,0,0
2022-09-10,0,0,8,0,0,5,1,0,0,0,6,0,0,2,0,0,0,0,0,0,0
2022-09-11,0,0,4,0,0,1,6,0,0,0,6,0,0,3,1,0,0,0,0,0,0
2022-09-12,0,0,1,0,0,5,0,0,0,0,2,0,0,0,1,0,0,0,0,0,0
2022-09-13,0,0,1,0,1,7,3,0,0,0,7,0,0,1,3,1,0,0,0,0,0
2022-09-14,0,0,0,0,0,7,4,0,0,0,8,0,0,0,1,0,0,0,0,0,0
2022-09-15,0,0,0,0,0,3,4,0,0,0,4,0,0,0,4,0,0,0,0,0,0
2022-09-16,0,0,3,0,2,8,4,0,0,0,9,0,0,1,2,0,0,0,0,0,0
2022-09-17,0,0,2,0,0,5,4,0,0,0,2,0,0,1,2,0,0,0,0,0,0
2022-09-18,0,0,16,0,0,8,1,0,0,0,5,0,0,1,0,0,0,0,0,0,0
2022-09-19,0,0,2,0,0,15,1,0,0,0,3,0,0,1,1,0,0,0,0,0,0
2022-09-20,0,0,2,0,0,14,2,0,0,0,3,0,0,2,2,0,0,0,0,0,0
2022-09-21,0,0,4,0,1,2,5,0,0,0,6,0,0,1,1,0,0,0,0,0,0
2022-09-22,0,0,1,0,0,5,1,0,0,0,1,0,0,3,0,0,0,0,0,0,0
2022-09-23,0,0,4,0,0,4,2,0,0,0,4,0,0,0,1,0,0,0,0,0,0
2022-09-24,0,0,3,0,0,9,1,0,0,0,1,0,0,0,1,0,0,0,0,0,0
2022-09-25,0,0,6,0,0,10,0,0,0,0,1,0,0,2,0,0,0,0,0,0,0
2022-09-26,0,0,1,0,1,7,1,0,0,0,1,0,0,2,2,0,0,0,0,0,0
2022-09-27,0,0,5,0,1,5,5,0,0,0,3,0,0,0,0,1,0,0,0,0,0
2022-09-28,0,0,3,0,0,10,1,0,0,0,2,0,0,2,2,0,0,0,0,0,0
2022-09-29,0,0,5,0,0,17,1,0,0,0,2,0,0,1,3,0,0,0,0,0,0
2022-10-01,0,0,0,0,0,0,0,0,0,0,0,0,0,0,0,0,0,1,0,0,0
2022-10-02,0,0,0,0,0,0,0,0,0,0,0,0,0,0,0,0,0,1,0,0,0
2022-10-04,0,0,0,0,0,0,0,0,0,0,0,0,0,0,0,0,0,1,0,0,0
2022-10-05,0,0,0,0,0,0,0,0,0,0,0,0,0,0,0,0,8,1,0,0,0
2022-10-06,0,0,0,0,0,0,0,0,0,0,0,0,0,0,0,0,4,0,0,0,0
2022-10-07,0,0,0,0,0,0,0,0,0,0,0,0,0,0,0,0,9,0,0,0,0
2022-10-08,0,0,0,0,0,0,0,0,0,0,0,0,0,0,0,0,9,0,0,0,0
